

insert into user(USER_ID, USER_NAME, PASSWORD, CREATE_TIME, GENDER) values(1,'admin','000000','2012-01-05 15:09:41','male');

insert into t_bouns_conf(res_id, rank_id, direct_p, indirect_p, honor_p, special_p, achieve_p, remark, w_1, w_2, w_3, w_4, w_5, w_6, w_7, w_8) values(1,102001,'0','0','0','0','0',NULL,'0','0','0','0','0','0','0','0');
insert into t_bouns_conf(res_id, rank_id, direct_p, indirect_p, honor_p, special_p, achieve_p, remark, w_1, w_2, w_3, w_4, w_5, w_6, w_7, w_8) values(2,102002,'5','0','0','0','0',NULL,'0','0','0','0','0','0','0','0');
insert into t_bouns_conf(res_id, rank_id, direct_p, indirect_p, honor_p, special_p, achieve_p, remark, w_1, w_2, w_3, w_4, w_5, w_6, w_7, w_8) values(3,102003,'20','15','0','0','0',NULL,'0','0','0','0','0','0','0','0');
insert into t_bouns_conf(res_id, rank_id, direct_p, indirect_p, honor_p, special_p, achieve_p, remark, w_1, w_2, w_3, w_4, w_5, w_6, w_7, w_8) values(5,102004,'24','4-19','0','0','0',NULL,'0','0','0','0','0','0','0','0');
insert into t_bouns_conf(res_id, rank_id, direct_p, indirect_p, honor_p, special_p, achieve_p, remark, w_1, w_2, w_3, w_4, w_5, w_6, w_7, w_8) values(6,102005,'28','4-23','0','0','0',NULL,'1','0','0','0','0','0','0','0');
insert into t_bouns_conf(res_id, rank_id, direct_p, indirect_p, honor_p, special_p, achieve_p, remark, w_1, w_2, w_3, w_4, w_5, w_6, w_7, w_8) values(7,102006,'32','4-27','0','0','0',NULL,'1','0.5','0.5','0','0','0','0','0');
insert into t_bouns_conf(res_id, rank_id, direct_p, indirect_p, honor_p, special_p, achieve_p, remark, w_1, w_2, w_3, w_4, w_5, w_6, w_7, w_8) values(8,102007,'37','5-32','0','0','0',NULL,'1','0.5','0.5','0.5','0.5','0','0','0');
insert into t_bouns_conf(res_id, rank_id, direct_p, indirect_p, honor_p, special_p, achieve_p, remark, w_1, w_2, w_3, w_4, w_5, w_6, w_7, w_8) values(9,102008,'43','6-38','0','0','0',NULL,'2','1','0.5','0.5','0.3','0.3','0.2','0.2');
insert into t_bouns_conf(res_id, rank_id, direct_p, indirect_p, honor_p, special_p, achieve_p, remark, w_1, w_2, w_3, w_4, w_5, w_6, w_7, w_8) values(10,102011,'43','6-38','1','0.4','0',NULL,'2','1','0.5','0.5','0.3','0.3','0.2','0.2');
insert into t_bouns_conf(res_id, rank_id, direct_p, indirect_p, honor_p, special_p, achieve_p, remark, w_1, w_2, w_3, w_4, w_5, w_6, w_7, w_8) values(11,102012,'43','6-38','0.75','0.7','0',NULL,'2','1','0.5','0.5','0.3','0.3','0.2','0.2');
insert into t_bouns_conf(res_id, rank_id, direct_p, indirect_p, honor_p, special_p, achieve_p, remark, w_1, w_2, w_3, w_4, w_5, w_6, w_7, w_8) values(12,102013,'43','6-38','0.5','0.3','0',NULL,'2','1','0.5','0.5','0.3','0.3','0.2','0.2');

insert into t_dictionary (dict_type_id, busi_id, busi_name, busi_status) values(101,101001,'male','M');
insert into t_dictionary (dict_type_id, busi_id, busi_name, busi_status) values(101,101002,'female','F');
insert into t_dictionary (dict_type_id, busi_id, busi_name, busi_status) values(102,102001,'Lev1','1');
insert into t_dictionary (dict_type_id, busi_id, busi_name, busi_status) values(102,102002,'Lev2','2');
insert into t_dictionary (dict_type_id, busi_id, busi_name, busi_status) values(102,102003,'Lev3','3');
insert into t_dictionary (dict_type_id, busi_id, busi_name, busi_status) values(102,102004,'Lev4','4');
insert into t_dictionary (dict_type_id, busi_id, busi_name, busi_status) values(102,102005,'Lev5','5');
insert into t_dictionary (dict_type_id, busi_id, busi_name, busi_status) values(102,102006,'Lev6','6');
insert into t_dictionary (dict_type_id, busi_id, busi_name, busi_status) values(102,102007,'Lev7','7');
insert into t_dictionary (dict_type_id, busi_id, busi_name, busi_status) values(102,102008,'Lev8','8');
insert into t_dictionary (dict_type_id, busi_id, busi_name, busi_status) values(102,102011,'Lev9','11');
insert into t_dictionary (dict_type_id, busi_id, busi_name, busi_status) values(102,102012,'Lev10','12');
insert into t_dictionary (dict_type_id, busi_id, busi_name, busi_status) values(102,102013,'Lev11','13');
insert into t_dictionary (dict_type_id, busi_id, busi_name, busi_status) values(103,103001,'GG','GG');
insert into t_dictionary (dict_type_id, busi_id, busi_name, busi_status) values(103,103002,'KNY','KNY');
insert into t_dictionary (dict_type_id, busi_id, busi_name, busi_status) values(103,103003,'JBBW','JBBW');
insert into t_dictionary (dict_type_id, busi_id, busi_name, busi_status) values(104,104001,'valid','1');
insert into t_dictionary (dict_type_id, busi_id, busi_name, busi_status) values(104,104002,'invalid','0');
insert into t_dictionary (dict_type_id, busi_id, busi_name, busi_status) values(103001,103001001,'JSS','JSS');
insert into t_dictionary (dict_type_id, busi_id, busi_name, busi_status) values(103001,103001002,'KNJ','KNJ');
insert into t_dictionary (dict_type_id, busi_id, busi_name, busi_status) values(103001,103001003,'JSJN','JSJN');
insert into t_dictionary (dict_type_id, busi_id, busi_name, busi_status) values(103002,103002001,'NLH','NLH');
insert into t_dictionary (dict_type_id, busi_id, busi_name, busi_status) values(103002,103002002,'MBS','MBS');
insert into t_dictionary (dict_type_id, busi_id, busi_name, busi_status) values(103002,103002003,'JSM','JSM');
insert into t_dictionary (dict_type_id, busi_id, busi_name, busi_status) values(103003,103003001,'HLL','HLL');

insert into t_dictionary_type (dict_type_id, dict_type_name) values(101,'gender(male Or female)');
insert into t_dictionary_type (dict_type_id, dict_type_name) values(102,'Level(123456789)');
insert into t_dictionary_type (dict_type_id, dict_type_name) values(103,'Africa(GG,JBBW,KNY)');
insert into t_dictionary_type (dict_type_id, dict_type_name) values(104,'isvalid or not(valid，invalid)');
insert into t_dictionary_type (dict_type_id, dict_type_name) values(103001,'city1');
insert into t_dictionary_type (dict_type_id, dict_type_name) values(103002,'city2');
insert into t_dictionary_type (dict_type_id, dict_type_name) values(103003,'city3');