/*
SQLyog Ultimate v8.32 
MySQL - 5.0.22-community-nt : Database - tianshi
*********************************************************************
*/

/*!40101 SET NAMES utf8 */;

/*!40101 SET SQL_MODE=''*/;

/*!40014 SET @OLD_UNIQUE_CHECKS=@@UNIQUE_CHECKS, UNIQUE_CHECKS=0 */;
/*!40014 SET @OLD_FOREIGN_KEY_CHECKS=@@FOREIGN_KEY_CHECKS, FOREIGN_KEY_CHECKS=0 */;
/*!40101 SET @OLD_SQL_MODE=@@SQL_MODE, SQL_MODE='NO_AUTO_VALUE_ON_ZERO' */;
/*!40111 SET @OLD_SQL_NOTES=@@SQL_NOTES, SQL_NOTES=0 */;
CREATE DATABASE /*!32312 IF NOT EXISTS*/`tianshi` /*!40100 DEFAULT CHARACTER SET utf8 */;

USE `tianshi`;

/*Table structure for table `t_bouns_conf` */

DROP TABLE IF EXISTS `t_bouns_conf`;

CREATE TABLE `t_bouns_conf` (
  `res_id` int(11) NOT NULL,
  `rank_id` int(11) default NULL,
  `direct_p` varchar(40) default NULL,
  `indirect_p` varchar(40) default NULL,
  `honor_p` varchar(40) default NULL,
  `special_p` varchar(40) default NULL,
  `achieve_p` varchar(40) default NULL,
  `remark` varchar(40) default NULL,
  `w_1` varchar(40) default NULL,
  `w_2` varchar(40) default NULL,
  `w_3` varchar(40) default NULL,
  `w_4` varchar(40) default NULL,
  `w_5` varchar(40) default NULL,
  `w_6` varchar(40) default NULL,
  `w_7` varchar(40) default NULL,
  `w_8` varchar(40) default NULL,
  PRIMARY KEY  (`res_id`),
  KEY `FK_Reference_8` (`rank_id`)
) ENGINE=MyISAM DEFAULT CHARSET=utf8;

/*Data for the table `t_bouns_conf` */

insert  into `t_bouns_conf`(`res_id`,`rank_id`,`direct_p`,`indirect_p`,`honor_p`,`special_p`,`achieve_p`,`remark`,`w_1`,`w_2`,`w_3`,`w_4`,`w_5`,`w_6`,`w_7`,`w_8`) values (1,102001,'0','0','0','0','0',NULL,'0','0','0','0','0','0','0','0'),(2,102002,'5','0','0','0','0',NULL,'0','0','0','0','0','0','0','0'),(3,102003,'20','15','0','0','0',NULL,'0','0','0','0','0','0','0','0'),(5,102004,'24','4-19','0','0','0',NULL,'0','0','0','0','0','0','0','0'),(6,102005,'28','4-23','0','0','0',NULL,'1','0','0','0','0','0','0','0'),(13,102006,'32.0','4-27','0.0','0.0','0.0',NULL,'1.0','0.5','0.5','0.0','0.0','0.0','0.0','0.0'),(8,102007,'37','5-32','0','0','0',NULL,'1','0.5','0.5','0.5','0.5','0','0','0'),(9,102008,'43','6-38','0','0','0',NULL,'2','1','0.5','0.5','0.3','0.3','0.2','0.2'),(10,102011,'43','6-38','1','0.4','0',NULL,'2','1','0.5','0.5','0.3','0.3','0.2','0.2'),(11,102012,'43','6-38','0.75','0.7','0',NULL,'2','1','0.5','0.5','0.3','0.3','0.2','0.2'),(12,102013,'43','6-38','0.5','0.3','0',NULL,'2','1','0.5','0.5','0.3','0.3','0.2','0.2');

/*Table structure for table `t_dictionary` */

DROP TABLE IF EXISTS `t_dictionary`;

CREATE TABLE `t_dictionary` (
  `dict_type_id` int(11) default NULL,
  `busi_id` int(11) NOT NULL,
  `busi_name` varchar(64) default NULL,
  `busi_status` varchar(10) default NULL,
  PRIMARY KEY  (`busi_id`),
  KEY `FK_Reference_1` (`dict_type_id`)
) ENGINE=MyISAM DEFAULT CHARSET=utf8;

/*Data for the table `t_dictionary` */

insert  into `t_dictionary`(`dict_type_id`,`busi_id`,`busi_name`,`busi_status`) values (101,101001,'男','M'),(101,101002,'女','F'),(102,102001,'一星','1'),(102,102002,'二星','2'),(102,102003,'三星','3'),(102,102004,'四星','4'),(102,102005,'五星','5'),(102,102006,'六星','6'),(102,102007,'七星','7'),(102,102008,'八星','8'),(102,102011,'铜狮','11'),(102,102012,'银狮','12'),(102,102013,'金狮','13'),(103,103001,'刚果','GG'),(103,103002,'肯尼亚','KNY'),(103,103003,'津巴布韦','JBBW'),(104,104001,'有效','1'),(104,104002,'无效','0'),(103001,103001001,'金沙萨','JSS'),(103001,103001002,'卡南加','KNJ'),(103001,103001003,'基桑加尼','JSJN'),(103002,103002001,'内罗毕','NLH'),(103002,103002002,'蒙巴萨','MBS'),(103002,103002003,'基苏木','JSM'),(103003,103003001,'哈拉雷','HLL');

/*Table structure for table `t_dictionary_type` */

DROP TABLE IF EXISTS `t_dictionary_type`;

CREATE TABLE `t_dictionary_type` (
  `dict_type_id` int(11) NOT NULL,
  `dict_type_name` varchar(64) default NULL,
  PRIMARY KEY  (`dict_type_id`)
) ENGINE=MyISAM DEFAULT CHARSET=utf8;

/*Data for the table `t_dictionary_type` */

insert  into `t_dictionary_type`(`dict_type_id`,`dict_type_name`) values (101,'性别(男，女)'),(102,'星级(一星,二星,三星,四星,五星,六星,七星,八星，铜狮，银狮，金狮)'),(103,'非洲(刚果,津巴布韦,肯尼亚)'),(104,'是否有效（有效，无效）'),(103001,'刚果国家的城市(金沙萨,卡南加,基桑加尼)'),(103002,'肯尼亚国家的城市(内罗毕,蒙巴萨,基苏木)'),(103003,'津巴布韦国家的城市(哈拉雷)');

/*Table structure for table `t_distributor` */

DROP TABLE IF EXISTS `t_distributor`;

CREATE TABLE `t_distributor` (
  `res_id` int(11) NOT NULL,
  `shop_id` int(11) default NULL,
  `rank_id` int(11) default NULL,
  `distributor_code` varchar(8) NOT NULL,
  `distributor_name` varchar(255) default NULL,
  `sponsor_id` int(11) NOT NULL,
  `create_time` datetime default NULL,
  `address` varchar(255) default NULL,
  `telephone` varchar(40) default NULL,
  `remark` varchar(255) default NULL,
  `sponsor_code` varchar(8) default NULL,
  `floors` int(11) default NULL COMMENT '层级 最上面是第一层 以此类推',
  `bankAcc` int(255) default NULL,
  `rankId_Name` varchar(11) default NULL,
  `shop_Name` varchar(11) default NULL,
  `sponsor_name` varchar(255) default NULL,
  PRIMARY KEY  (`res_id`),
  KEY `FK_Reference_2` (`shop_id`),
  KEY `FK_Reference_4` (`rank_id`)
) ENGINE=MyISAM DEFAULT CHARSET=utf8;

/*Data for the table `t_distributor` */

insert  into `t_distributor`(`res_id`,`shop_id`,`rank_id`,`distributor_code`,`distributor_name`,`sponsor_id`,`create_time`,`address`,`telephone`,`remark`,`sponsor_code`,`floors`,`bankAcc`,`rankId_Name`,`shop_Name`,`sponsor_name`) values (-1,NULL,NULL,'000000',NULL,-2,'2012-02-06 17:59:11',NULL,NULL,NULL,NULL,0,NULL,NULL,NULL,NULL),(6,2,102001,'000007','C',1,'2012-02-07 20:12:19','','',NULL,'000002',3,NULL,NULL,NULL,NULL),(5,1,102001,'000006','B',1,'2012-02-07 20:11:16','','',NULL,'000002',3,NULL,NULL,NULL,NULL),(4,2,102001,'000005','X',0,'2012-02-07 20:10:29','','',NULL,'000001',2,NULL,NULL,NULL,NULL),(3,2,102001,'000004','AAA',0,'2012-02-07 20:09:58','','',NULL,'000001',2,NULL,NULL,NULL,NULL),(2,2,102001,'000003','AA',0,'2012-02-07 20:09:33','','',NULL,'000001',2,NULL,NULL,NULL,NULL),(1,1,102001,'000002','A',0,'2012-02-07 20:08:56','','',NULL,'000001',2,NULL,NULL,NULL,NULL),(0,8,102001,'000001','Z',-1,'2012-02-07 20:08:18','','',NULL,'000000',1,NULL,NULL,NULL,NULL),(7,2,102001,'000008','D',1,'2012-02-07 20:12:50','','',NULL,'000002',3,NULL,NULL,NULL,NULL),(8,1,102001,'000009','B1',5,'2012-02-07 20:14:38','','',NULL,'000006',4,NULL,NULL,NULL,NULL),(9,1,102001,'000010','C1',6,'2012-02-07 20:15:27','','',NULL,'000007',4,NULL,NULL,NULL,NULL),(10,1,102001,'000011','D1',7,'2012-02-07 20:16:09','','',NULL,'000008',4,NULL,NULL,NULL,NULL),(11,2,102001,'000012','BB',2,'2012-02-07 20:16:47','','',NULL,'000003',3,NULL,NULL,NULL,NULL),(12,1,102001,'000013','CC',2,'2012-02-07 20:18:32','','',NULL,'000003',3,NULL,NULL,NULL,NULL),(13,2,102001,'000014','DD',2,'2012-02-07 20:19:02','','',NULL,'000003',3,NULL,NULL,NULL,NULL),(14,1,102001,'000015','BB1',11,'2012-02-07 20:19:48','','',NULL,'000012',4,NULL,NULL,NULL,NULL),(15,1,102001,'000016','CC1',12,'2012-02-07 20:21:39','','',NULL,'000013',4,NULL,NULL,NULL,NULL),(16,1,102001,'000017','DD1',13,'2012-02-07 20:22:02','','',NULL,'000014',4,NULL,NULL,NULL,NULL),(17,2,102001,'000018','BBB',3,'2012-02-07 20:22:44','','',NULL,'000004',3,NULL,NULL,NULL,NULL),(18,1,102001,'000019','CCC',3,'2012-02-07 20:27:05','','',NULL,'000004',3,NULL,NULL,NULL,NULL),(19,1,102001,'000020','DDD',3,'2012-02-07 20:27:35','','',NULL,'000004',3,NULL,NULL,NULL,NULL),(20,1,102001,'000021','B3',17,'2012-02-07 20:28:30','','',NULL,'000018',4,NULL,NULL,NULL,NULL),(21,1,102001,'000022','C3',18,'2012-02-07 20:29:04','','',NULL,'000019',4,NULL,NULL,NULL,NULL),(22,1,102001,'000023','D3',19,'2012-02-07 20:29:33','','',NULL,'000020',4,NULL,NULL,NULL,NULL),(23,1,102001,'000024','Z1',4,'2012-02-07 20:32:19','','',NULL,'000005',3,NULL,NULL,NULL,NULL),(24,1,102001,'000025','Z2',4,'2012-02-07 20:32:45','','',NULL,'000005',3,NULL,NULL,NULL,NULL),(25,1,102001,'000026','Z3',4,'2012-02-07 20:33:05','','',NULL,'000005',3,NULL,NULL,NULL,NULL),(26,1,102001,'000027','AAAA',23,'2012-02-07 20:37:04','','',NULL,'000024',4,NULL,NULL,NULL,NULL),(27,1,102001,'000028','AAAAA',23,'2012-02-07 20:37:38','','',NULL,'000024',4,NULL,NULL,NULL,NULL),(28,1,102001,'000029','AAAAAA',23,'2012-02-07 20:38:05','','',NULL,'000024',4,NULL,NULL,NULL,NULL),(29,1,102001,'000030','BBBB',26,'2012-02-07 20:39:03','','',NULL,'000027',5,NULL,NULL,NULL,NULL),(30,1,102001,'000031','B4',29,'2012-02-07 20:40:13','','',NULL,'000030',6,NULL,NULL,NULL,NULL),(31,1,102001,'000032','CCCC',26,'2012-02-07 20:40:46','','',NULL,'000027',5,NULL,NULL,NULL,NULL),(32,3,102001,'000033','C4',31,'2012-02-07 20:41:13','','',NULL,'000032',6,NULL,NULL,NULL,NULL),(33,1,102001,'000034','DDDD',26,'2012-02-07 20:41:43','','',NULL,'000027',5,NULL,NULL,NULL,NULL),(34,3,102001,'000035','D4',33,'2012-02-07 20:42:41','','',NULL,'000034',6,NULL,NULL,NULL,NULL),(35,1,102001,'000036','AAAAA',23,'2012-02-07 20:44:30','','',NULL,'000024',4,NULL,NULL,NULL,NULL),(36,1,102001,'000037','BBBBB',35,'2012-02-07 20:45:56','','',NULL,'000036',5,NULL,NULL,NULL,NULL),(37,3,102001,'000038','CCCCC',35,'2012-02-07 20:46:45','','',NULL,'000036',5,NULL,NULL,NULL,NULL),(38,3,102001,'000039','DDDDD',35,'2012-02-07 20:47:16','','',NULL,'000036',5,NULL,NULL,NULL,NULL),(39,1,102001,'000040','B5',36,'2012-02-07 20:47:56','','',NULL,'000037',6,NULL,NULL,NULL,NULL),(40,1,102001,'000041','C5',37,'2012-02-07 20:48:25','','',NULL,'000038',6,NULL,NULL,NULL,NULL),(41,1,102001,'000042','D5',38,'2012-02-07 20:48:54','','',NULL,'000039',6,NULL,NULL,NULL,NULL),(42,1,102001,'000043','AAAAAA',23,'2012-02-07 20:50:21','','',NULL,'000024',4,NULL,NULL,NULL,NULL),(43,2,102001,'000044','BBBBBB',42,'2012-02-07 20:50:45','','',NULL,'000043',5,NULL,NULL,NULL,NULL),(44,1,102001,'000045','CCCCCC',42,'2012-02-07 20:51:23','','',NULL,'000043',5,NULL,NULL,NULL,NULL),(45,1,102001,'000046','DDDDDD',42,'2012-02-07 20:51:42','','',NULL,'000043',5,NULL,NULL,NULL,NULL),(46,1,102001,'000047','B6',43,'2012-02-07 20:52:14','','',NULL,'000044',6,NULL,NULL,NULL,NULL),(47,1,102001,'000048','C6',44,'2012-02-07 20:52:37','','',NULL,'000045',6,NULL,NULL,NULL,NULL),(48,1,102001,'000049','D6',45,'2012-02-07 20:52:58','','',NULL,'000046',6,NULL,NULL,NULL,NULL),(49,1,102001,'000050','AAAAAAA',24,'2012-02-07 20:53:39','','',NULL,'000025',4,NULL,NULL,NULL,NULL),(50,1,102001,'000051','BBBBBBB',49,'2012-02-07 20:54:05','','',NULL,'000050',5,NULL,NULL,NULL,NULL),(51,1,102001,'000052','CCCCCCC',49,'2012-02-07 20:54:50','','',NULL,'000050',5,NULL,NULL,NULL,NULL),(52,1,102001,'000053','DDDDDDD',49,'2012-02-07 20:55:14','','',NULL,'000050',5,NULL,NULL,NULL,NULL),(53,1,102001,'000054','B7',49,'2012-02-07 20:55:40','','',NULL,'000051',6,NULL,NULL,NULL,NULL),(54,1,102001,'000055','C7',51,'2012-02-07 20:56:06','','',NULL,'000052',6,NULL,NULL,NULL,NULL),(55,1,102001,'000056','D7',52,'2012-02-07 20:56:27','','',NULL,'000053',6,NULL,NULL,NULL,NULL),(56,1,102001,'000058','AAAAAAAA',24,'2012-02-07 20:57:00','','',NULL,'000025',4,NULL,NULL,NULL,NULL),(57,1,102001,'000059','BBBBBBBB',56,'2012-02-07 20:58:17','','',NULL,'000058',5,NULL,NULL,NULL,NULL),(58,1,102001,'000060','CCCCCCCC',56,'2012-02-07 20:58:43','','',NULL,'000058',5,NULL,NULL,NULL,NULL),(59,1,102001,'000061','DDDDDDDD',56,'2012-02-07 20:59:11','','',NULL,'000058',5,NULL,NULL,NULL,NULL),(60,1,102001,'000062','B8',57,'2012-02-07 20:59:40','','',NULL,'000059',6,NULL,NULL,NULL,NULL),(61,1,102001,'000063','C8',58,'2012-02-07 21:00:08','','',NULL,'000060',6,NULL,NULL,NULL,NULL),(62,1,102001,'000064','D8',59,'2012-02-07 21:00:31','','',NULL,'000061',6,NULL,NULL,NULL,NULL),(63,2,102001,'000065','AAAAAAAAA',24,'2012-02-07 21:01:05','','',NULL,'000025',4,NULL,NULL,NULL,NULL),(64,1,102001,'000066','BBBBBBBBB',63,'2012-02-07 21:01:31','','',NULL,'000065',5,NULL,NULL,NULL,NULL),(65,1,102001,'000067','CCCCCCCCC',63,'2012-02-07 21:02:03','','',NULL,'000065',5,NULL,NULL,NULL,NULL),(66,1,102001,'000068','DDDDDDDDD',63,'2012-02-07 21:02:27','','',NULL,'000065',5,NULL,NULL,NULL,NULL),(67,1,102001,'000069','B9',64,'2012-02-07 21:02:49','','',NULL,'000066',6,NULL,NULL,NULL,NULL),(68,1,102001,'000070','C9',65,'2012-02-07 21:03:12','','',NULL,'000067',6,NULL,NULL,NULL,NULL),(69,1,102001,'000071','D9',66,'2012-02-07 21:03:33','','',NULL,'000068',6,NULL,NULL,NULL,NULL),(70,1,102001,'000072','AAAAAAAAAA',25,'2012-02-07 21:04:07','','',NULL,'000026',4,NULL,NULL,NULL,NULL),(71,1,102001,'000073','BBBBBBBBBB',70,'2012-02-07 21:04:31','','',NULL,'000072',5,NULL,NULL,NULL,NULL),(72,1,102001,'000074','CCCCCCCCCC',70,'2012-02-07 21:04:57','','',NULL,'000072',5,NULL,NULL,NULL,NULL),(73,1,102001,'000075','DDDDDDDDDD',70,'2012-02-07 21:05:27','','',NULL,'000072',5,NULL,NULL,NULL,NULL),(74,3,102001,'000076','B10',71,'2012-02-07 21:05:47','','',NULL,'000073',6,NULL,NULL,NULL,NULL),(75,3,102001,'000077','C10',72,'2012-02-07 21:06:12','','',NULL,'000074',6,NULL,NULL,NULL,NULL),(76,1,102001,'000078','D10',73,'2012-02-07 21:06:37','','',NULL,'000075',6,NULL,NULL,NULL,NULL),(77,8,102001,'000079','AAAAAAAAAAA',25,'2012-02-07 21:07:15','','',NULL,'000026',4,NULL,NULL,NULL,NULL),(78,3,102001,'000080','BBBBBBBBBBB',77,'2012-02-07 21:07:40','','',NULL,'000079',5,NULL,NULL,NULL,NULL),(79,1,102001,'000081','CCCCCCCCCCC',77,'2012-02-07 21:08:17','','',NULL,'000079',5,NULL,NULL,NULL,NULL),(80,1,102001,'000082','DDDDDDDDDDD',77,'2012-02-07 21:08:52','','',NULL,'000079',5,NULL,NULL,NULL,NULL),(81,1,102001,'000083','B11',78,'2012-02-07 21:09:25','','',NULL,'000080',6,NULL,NULL,NULL,NULL),(82,1,102001,'000084','C11',79,'2012-02-07 21:09:53','','',NULL,'000081',6,NULL,NULL,NULL,NULL),(83,1,102001,'000085','D11',80,'2012-02-07 21:10:14','','',NULL,'000082',6,NULL,NULL,NULL,NULL),(84,3,102001,'000086','AAAAAAAAAAAA',25,'2012-02-07 21:10:52','','',NULL,'000026',4,NULL,NULL,NULL,NULL),(85,1,102001,'000087','BBBBBBBBBBBB',84,'2012-02-07 21:11:23','','',NULL,'000086',5,NULL,NULL,NULL,NULL),(86,3,102001,'000088','CCCCCCCCCCCC',84,'2012-02-07 21:12:04','','',NULL,'000086',5,NULL,NULL,NULL,NULL),(87,2,102001,'000089','DDDDDDDDDDDD',84,'2012-02-07 21:12:29','','',NULL,'000086',5,NULL,NULL,NULL,NULL),(88,1,102001,'000090','B12',85,'2012-02-07 21:12:56','','',NULL,'000087',6,NULL,NULL,NULL,NULL),(89,3,102001,'000091','C12',86,'2012-02-07 21:13:31','','',NULL,'000088',6,NULL,NULL,NULL,NULL),(90,1,102001,'000092','D12',87,'2012-02-07 21:13:54','','',NULL,'000089',6,NULL,NULL,NULL,NULL),(91,1,102001,'000093','AAAAAAAAAAAAA',4,'2012-02-07 21:14:37','','',NULL,'000005',3,NULL,NULL,NULL,NULL),(92,4,102001,'000094','BBBBBBBBBBBBB',91,'2012-02-07 21:15:07','','',NULL,'000093',4,NULL,NULL,NULL,NULL),(93,1,102001,'000095','CCCCCCCCCCCCC',91,'2012-02-07 21:15:38','','',NULL,'000093',4,NULL,NULL,NULL,NULL),(94,1,102001,'000096','DDDDDDDDDDDDD',91,'2012-02-07 21:16:15','','',NULL,'000093',4,NULL,NULL,NULL,NULL),(95,3,102001,'000097','B13',92,'2012-02-07 21:16:36','','',NULL,'000094',5,NULL,NULL,NULL,NULL),(96,4,102001,'000098','C13',93,'2012-02-07 21:16:59','','',NULL,'000095',5,NULL,NULL,NULL,NULL),(97,1,102001,'000099','D13',94,'2012-02-07 21:17:21','','',NULL,'000096',5,NULL,NULL,NULL,NULL);

/*Table structure for table `t_distributor_bouns` */

DROP TABLE IF EXISTS `t_distributor_bouns`;

CREATE TABLE `t_distributor_bouns` (
  `res_id` int(11) NOT NULL,
  `distributor_id` int(11) default NULL,
  `bouns_date` datetime default NULL,
  `direct_bouns` double default NULL,
  `indirect_bouns` double default NULL,
  `leader_bouns` double default NULL,
  `honor_bouns` double default NULL,
  `special_bouns` double default NULL,
  `internatial_bouns` double default NULL,
  `adjust_bouns` double default NULL,
  `tax` double default NULL,
  `computer_fee` double default NULL,
  `check_flag` char(1) default NULL,
  `check_man` varchar(255) default NULL,
  `check_time` datetime default NULL,
  `remark` varchar(255) default NULL,
  `rank_id` int(11) default NULL,
  `distributor_code` char(8) default NULL,
  PRIMARY KEY  (`res_id`)
) ENGINE=MyISAM DEFAULT CHARSET=utf8;

/*Data for the table `t_distributor_bouns` */

insert  into `t_distributor_bouns`(`res_id`,`distributor_id`,`bouns_date`,`direct_bouns`,`indirect_bouns`,`leader_bouns`,`honor_bouns`,`special_bouns`,`internatial_bouns`,`adjust_bouns`,`tax`,`computer_fee`,`check_flag`,`check_man`,`check_time`,`remark`,`rank_id`,`distributor_code`) values (1,30,'2012-03-04 20:46:55',0,0,0,NULL,NULL,NULL,NULL,NULL,NULL,NULL,NULL,NULL,NULL,NULL,'000031'),(2,32,'2012-03-04 20:46:56',0,0,0,NULL,NULL,NULL,NULL,NULL,NULL,NULL,NULL,NULL,NULL,NULL,'000033'),(3,34,'2012-03-04 20:46:56',0,0,0,NULL,NULL,NULL,NULL,NULL,NULL,NULL,NULL,NULL,NULL,NULL,'000035'),(4,39,'2012-03-04 20:46:56',0,0,0,NULL,NULL,NULL,NULL,NULL,NULL,NULL,NULL,NULL,NULL,NULL,'000040'),(5,40,'2012-03-04 20:46:56',0,0,0,NULL,NULL,NULL,NULL,NULL,NULL,NULL,NULL,NULL,NULL,NULL,'000041'),(6,41,'2012-03-04 20:46:56',0,0,0,NULL,NULL,NULL,NULL,NULL,NULL,NULL,NULL,NULL,NULL,NULL,'000042'),(7,46,'2012-03-04 20:46:56',0,0,0,NULL,NULL,NULL,NULL,NULL,NULL,NULL,NULL,NULL,NULL,NULL,'000047'),(8,47,'2012-03-04 20:46:56',0,0,0,NULL,NULL,NULL,NULL,NULL,NULL,NULL,NULL,NULL,NULL,NULL,'000048'),(9,48,'2012-03-04 20:46:56',0,0,0,NULL,NULL,NULL,NULL,NULL,NULL,NULL,NULL,NULL,NULL,NULL,'000049'),(10,53,'2012-03-04 20:46:56',0,0,0,NULL,NULL,NULL,NULL,NULL,NULL,NULL,NULL,NULL,NULL,NULL,'000054'),(11,54,'2012-03-04 20:46:56',0,0,0,NULL,NULL,NULL,NULL,NULL,NULL,NULL,NULL,NULL,NULL,NULL,'000055'),(12,55,'2012-03-04 20:46:56',0,0,0,NULL,NULL,NULL,NULL,NULL,NULL,NULL,NULL,NULL,NULL,NULL,'000056'),(13,60,'2012-03-04 20:46:56',0,0,0,NULL,NULL,NULL,NULL,NULL,NULL,NULL,NULL,NULL,NULL,NULL,'000062'),(14,61,'2012-03-04 20:46:56',0,0,0,NULL,NULL,NULL,NULL,NULL,NULL,NULL,NULL,NULL,NULL,NULL,'000063'),(15,62,'2012-03-04 20:46:56',0,0,0,NULL,NULL,NULL,NULL,NULL,NULL,NULL,NULL,NULL,NULL,NULL,'000064'),(16,67,'2012-03-04 20:46:56',0,0,0,NULL,NULL,NULL,NULL,NULL,NULL,NULL,NULL,NULL,NULL,NULL,'000069'),(17,68,'2012-03-04 20:46:56',0,0,0,NULL,NULL,NULL,NULL,NULL,NULL,NULL,NULL,NULL,NULL,NULL,'000070'),(18,69,'2012-03-04 20:46:56',0,0,0,NULL,NULL,NULL,NULL,NULL,NULL,NULL,NULL,NULL,NULL,NULL,'000071'),(19,74,'2012-03-04 20:46:56',0,0,0,NULL,NULL,NULL,NULL,NULL,NULL,NULL,NULL,NULL,NULL,NULL,'000076'),(20,75,'2012-03-04 20:46:56',0,0,0,NULL,NULL,NULL,NULL,NULL,NULL,NULL,NULL,NULL,NULL,NULL,'000077'),(21,76,'2012-03-04 20:46:56',0,0,0,NULL,NULL,NULL,NULL,NULL,NULL,NULL,NULL,NULL,NULL,NULL,'000078'),(22,81,'2012-03-04 20:46:56',0,0,0,NULL,NULL,NULL,NULL,NULL,NULL,NULL,NULL,NULL,NULL,NULL,'000083'),(23,82,'2012-03-04 20:46:56',0,0,0,NULL,NULL,NULL,NULL,NULL,NULL,NULL,NULL,NULL,NULL,NULL,'000084'),(24,83,'2012-03-04 20:46:56',0,0,0,NULL,NULL,NULL,NULL,NULL,NULL,NULL,NULL,NULL,NULL,NULL,'000085'),(25,88,'2012-03-04 20:46:56',0,0,0,NULL,NULL,NULL,NULL,NULL,NULL,NULL,NULL,NULL,NULL,NULL,'000090'),(26,89,'2012-03-04 20:46:56',0,0,0,NULL,NULL,NULL,NULL,NULL,NULL,NULL,NULL,NULL,NULL,NULL,'000091'),(27,90,'2012-03-04 20:46:56',0,0,0,NULL,NULL,NULL,NULL,NULL,NULL,NULL,NULL,NULL,NULL,NULL,'000092'),(28,29,'2012-03-04 20:46:56',0,0,0,NULL,NULL,NULL,NULL,NULL,NULL,NULL,NULL,NULL,NULL,NULL,'000030'),(29,31,'2012-03-04 20:46:57',0,0,0,NULL,NULL,NULL,NULL,NULL,NULL,NULL,NULL,NULL,NULL,NULL,'000032'),(30,33,'2012-03-04 20:46:57',0,0,0,NULL,NULL,NULL,NULL,NULL,NULL,NULL,NULL,NULL,NULL,NULL,'000034'),(31,36,'2012-03-04 20:46:57',0,0,0,NULL,NULL,NULL,NULL,NULL,NULL,NULL,NULL,NULL,NULL,NULL,'000037'),(32,37,'2012-03-04 20:46:57',0,0,0,NULL,NULL,NULL,NULL,NULL,NULL,NULL,NULL,NULL,NULL,NULL,'000038'),(33,38,'2012-03-04 20:46:57',0,0,0,NULL,NULL,NULL,NULL,NULL,NULL,NULL,NULL,NULL,NULL,NULL,'000039'),(34,43,'2012-03-04 20:46:57',0,0,0,NULL,NULL,NULL,NULL,NULL,NULL,NULL,NULL,NULL,NULL,NULL,'000044'),(35,44,'2012-03-04 20:46:57',0,0,0,NULL,NULL,NULL,NULL,NULL,NULL,NULL,NULL,NULL,NULL,NULL,'000045'),(36,45,'2012-03-04 20:46:57',0,0,0,NULL,NULL,NULL,NULL,NULL,NULL,NULL,NULL,NULL,NULL,NULL,'000046'),(37,50,'2012-03-04 20:46:57',0,0,0,NULL,NULL,NULL,NULL,NULL,NULL,NULL,NULL,NULL,NULL,NULL,'000051'),(38,51,'2012-03-04 20:46:57',0,0,0,NULL,NULL,NULL,NULL,NULL,NULL,NULL,NULL,NULL,NULL,NULL,'000052'),(39,52,'2012-03-04 20:46:57',0,0,0,NULL,NULL,NULL,NULL,NULL,NULL,NULL,NULL,NULL,NULL,NULL,'000053'),(40,57,'2012-03-04 20:46:57',0,0,0,NULL,NULL,NULL,NULL,NULL,NULL,NULL,NULL,NULL,NULL,NULL,'000059'),(41,58,'2012-03-04 20:46:57',0,0,0,NULL,NULL,NULL,NULL,NULL,NULL,NULL,NULL,NULL,NULL,NULL,'000060'),(42,59,'2012-03-04 20:46:57',0,0,0,NULL,NULL,NULL,NULL,NULL,NULL,NULL,NULL,NULL,NULL,NULL,'000061'),(43,64,'2012-03-04 20:46:58',0,0,0,NULL,NULL,NULL,NULL,NULL,NULL,NULL,NULL,NULL,NULL,NULL,'000066'),(44,65,'2012-03-04 20:46:58',0,0,0,NULL,NULL,NULL,NULL,NULL,NULL,NULL,NULL,NULL,NULL,NULL,'000067'),(45,66,'2012-03-04 20:46:58',0,0,0,NULL,NULL,NULL,NULL,NULL,NULL,NULL,NULL,NULL,NULL,NULL,'000068'),(46,71,'2012-03-04 20:46:58',0,0,0,NULL,NULL,NULL,NULL,NULL,NULL,NULL,NULL,NULL,NULL,NULL,'000073'),(47,72,'2012-03-04 20:46:58',0,0,0,NULL,NULL,NULL,NULL,NULL,NULL,NULL,NULL,NULL,NULL,NULL,'000074'),(48,73,'2012-03-04 20:46:58',0,0,0,NULL,NULL,NULL,NULL,NULL,NULL,NULL,NULL,NULL,NULL,NULL,'000075'),(49,78,'2012-03-04 20:46:58',0,0,0,NULL,NULL,NULL,NULL,NULL,NULL,NULL,NULL,NULL,NULL,NULL,'000080'),(50,79,'2012-03-04 20:46:58',0,0,0,NULL,NULL,NULL,NULL,NULL,NULL,NULL,NULL,NULL,NULL,NULL,'000081'),(51,80,'2012-03-04 20:46:58',0,0,0,NULL,NULL,NULL,NULL,NULL,NULL,NULL,NULL,NULL,NULL,NULL,'000082'),(52,85,'2012-03-04 20:46:58',0,0,0,NULL,NULL,NULL,NULL,NULL,NULL,NULL,NULL,NULL,NULL,NULL,'000087'),(53,86,'2012-03-04 20:46:58',0,0,0,NULL,NULL,NULL,NULL,NULL,NULL,NULL,NULL,NULL,NULL,NULL,'000088'),(54,87,'2012-03-04 20:46:58',0,0,0,NULL,NULL,NULL,NULL,NULL,NULL,NULL,NULL,NULL,NULL,NULL,'000089'),(55,95,'2012-03-04 20:46:58',0,0,0,NULL,NULL,NULL,NULL,NULL,NULL,NULL,NULL,NULL,NULL,NULL,'000097'),(56,96,'2012-03-04 20:46:58',0,0,0,NULL,NULL,NULL,NULL,NULL,NULL,NULL,NULL,NULL,NULL,NULL,'000098'),(57,97,'2012-03-04 20:46:58',0,0,0,NULL,NULL,NULL,NULL,NULL,NULL,NULL,NULL,NULL,NULL,NULL,'000099'),(58,8,'2012-03-04 20:46:59',0,0,0,NULL,NULL,NULL,NULL,NULL,NULL,NULL,NULL,NULL,NULL,NULL,'000009'),(59,9,'2012-03-04 20:46:59',0,0,0,NULL,NULL,NULL,NULL,NULL,NULL,NULL,NULL,NULL,NULL,NULL,'000010'),(60,10,'2012-03-04 20:46:59',0,0,0,NULL,NULL,NULL,NULL,NULL,NULL,NULL,NULL,NULL,NULL,NULL,'000011'),(61,14,'2012-03-04 20:46:59',0,0,0,NULL,NULL,NULL,NULL,NULL,NULL,NULL,NULL,NULL,NULL,NULL,'000015'),(62,15,'2012-03-04 20:46:59',0,0,0,NULL,NULL,NULL,NULL,NULL,NULL,NULL,NULL,NULL,NULL,NULL,'000016'),(63,16,'2012-03-04 20:46:59',0,0,0,NULL,NULL,NULL,NULL,NULL,NULL,NULL,NULL,NULL,NULL,NULL,'000017'),(64,20,'2012-03-04 20:46:59',0,0,0,NULL,NULL,NULL,NULL,NULL,NULL,NULL,NULL,NULL,NULL,NULL,'000021'),(65,21,'2012-03-04 20:46:59',0,0,0,NULL,NULL,NULL,NULL,NULL,NULL,NULL,NULL,NULL,NULL,NULL,'000022'),(66,22,'2012-03-04 20:46:59',0,0,0,NULL,NULL,NULL,NULL,NULL,NULL,NULL,NULL,NULL,NULL,NULL,'000023'),(67,26,'2012-03-04 20:46:59',0,0,0,NULL,NULL,NULL,NULL,NULL,NULL,NULL,NULL,NULL,NULL,NULL,'000027'),(68,27,'2012-03-04 20:46:59',0,0,0,NULL,NULL,NULL,NULL,NULL,NULL,NULL,NULL,NULL,NULL,NULL,'000028'),(69,28,'2012-03-04 20:46:59',0,0,0,NULL,NULL,NULL,NULL,NULL,NULL,NULL,NULL,NULL,NULL,NULL,'000029'),(70,35,'2012-03-04 20:46:59',0,0,0,NULL,NULL,NULL,NULL,NULL,NULL,NULL,NULL,NULL,NULL,NULL,'000036'),(71,42,'2012-03-04 20:46:59',0,0,0,NULL,NULL,NULL,NULL,NULL,NULL,NULL,NULL,NULL,NULL,NULL,'000043'),(72,49,'2012-03-04 20:46:59',0,0,0,NULL,NULL,NULL,NULL,NULL,NULL,NULL,NULL,NULL,NULL,NULL,'000050'),(73,56,'2012-03-04 20:46:59',0,0,0,NULL,NULL,NULL,NULL,NULL,NULL,NULL,NULL,NULL,NULL,NULL,'000058'),(74,63,'2012-03-04 20:47:00',0,0,0,NULL,NULL,NULL,NULL,NULL,NULL,NULL,NULL,NULL,NULL,NULL,'000065'),(75,70,'2012-03-04 20:47:00',0,0,0,NULL,NULL,NULL,NULL,NULL,NULL,NULL,NULL,NULL,NULL,NULL,'000072'),(76,77,'2012-03-04 20:47:00',0,0,0,NULL,NULL,NULL,NULL,NULL,NULL,NULL,NULL,NULL,NULL,NULL,'000079'),(77,84,'2012-03-04 20:47:00',0,0,0,NULL,NULL,NULL,NULL,NULL,NULL,NULL,NULL,NULL,NULL,NULL,'000086'),(78,92,'2012-03-04 20:47:00',0,0,0,NULL,NULL,NULL,NULL,NULL,NULL,NULL,NULL,NULL,NULL,NULL,'000094'),(79,93,'2012-03-04 20:47:00',0,0,0,NULL,NULL,NULL,NULL,NULL,NULL,NULL,NULL,NULL,NULL,NULL,'000095'),(80,94,'2012-03-04 20:47:00',0,0,0,NULL,NULL,NULL,NULL,NULL,NULL,NULL,NULL,NULL,NULL,NULL,'000096'),(81,6,'2012-03-04 20:47:00',0,0,0,NULL,NULL,NULL,NULL,NULL,NULL,NULL,NULL,NULL,NULL,NULL,'000007'),(82,5,'2012-03-04 20:47:00',0,0,0,NULL,NULL,NULL,NULL,NULL,NULL,NULL,NULL,NULL,NULL,NULL,'000006'),(83,7,'2012-03-04 20:47:00',0,0,0,NULL,NULL,NULL,NULL,NULL,NULL,NULL,NULL,NULL,NULL,NULL,'000008'),(84,11,'2012-03-04 20:47:00',0,0,0,NULL,NULL,NULL,NULL,NULL,NULL,NULL,NULL,NULL,NULL,NULL,'000012'),(85,12,'2012-03-04 20:47:01',0,0,0,NULL,NULL,NULL,NULL,NULL,NULL,NULL,NULL,NULL,NULL,NULL,'000013'),(86,13,'2012-03-04 20:47:01',0,0,0,NULL,NULL,NULL,NULL,NULL,NULL,NULL,NULL,NULL,NULL,NULL,'000014'),(87,17,'2012-03-04 20:47:01',0,0,0,NULL,NULL,NULL,NULL,NULL,NULL,NULL,NULL,NULL,NULL,NULL,'000018'),(88,18,'2012-03-04 20:47:01',0,0,0,NULL,NULL,NULL,NULL,NULL,NULL,NULL,NULL,NULL,NULL,NULL,'000019'),(89,19,'2012-03-04 20:47:01',0,0,0,NULL,NULL,NULL,NULL,NULL,NULL,NULL,NULL,NULL,NULL,NULL,'000020'),(90,23,'2012-03-04 20:47:01',0,0,0,NULL,NULL,NULL,NULL,NULL,NULL,NULL,NULL,NULL,NULL,NULL,'000024'),(91,24,'2012-03-04 20:47:01',0,0,0,NULL,NULL,NULL,NULL,NULL,NULL,NULL,NULL,NULL,NULL,NULL,'000025'),(92,25,'2012-03-04 20:47:01',0,0,0,NULL,NULL,NULL,NULL,NULL,NULL,NULL,NULL,NULL,NULL,NULL,'000026'),(93,91,'2012-03-04 20:47:01',0,0,0,NULL,NULL,NULL,NULL,NULL,NULL,NULL,NULL,NULL,NULL,NULL,'000093'),(94,4,'2012-03-04 20:47:01',0,0,0,NULL,NULL,NULL,NULL,NULL,NULL,NULL,NULL,NULL,NULL,NULL,'000005'),(95,3,'2012-03-04 20:47:02',0,0,0,NULL,NULL,NULL,NULL,NULL,NULL,NULL,NULL,NULL,NULL,NULL,'000004'),(96,2,'2012-03-04 20:47:02',0,0,0,NULL,NULL,NULL,NULL,NULL,NULL,NULL,NULL,NULL,NULL,NULL,'000003'),(97,1,'2012-03-04 20:47:02',0,0,0,NULL,NULL,NULL,NULL,NULL,NULL,NULL,NULL,NULL,NULL,NULL,'000002'),(98,0,'2012-03-04 20:47:02',0,0,0,NULL,NULL,NULL,NULL,NULL,NULL,NULL,NULL,NULL,NULL,NULL,'000001'),(99,30,'2012-03-11 11:36:43',0,0,0,NULL,NULL,NULL,NULL,NULL,NULL,NULL,NULL,NULL,NULL,NULL,'000031'),(100,32,'2012-03-11 11:36:43',0,0,0,NULL,NULL,NULL,NULL,NULL,NULL,NULL,NULL,NULL,NULL,NULL,'000033'),(101,34,'2012-03-11 11:36:43',0,0,0,NULL,NULL,NULL,NULL,NULL,NULL,NULL,NULL,NULL,NULL,NULL,'000035'),(102,39,'2012-03-11 11:36:43',0,0,0,NULL,NULL,NULL,NULL,NULL,NULL,NULL,NULL,NULL,NULL,NULL,'000040'),(103,40,'2012-03-11 11:36:43',0,0,0,NULL,NULL,NULL,NULL,NULL,NULL,NULL,NULL,NULL,NULL,NULL,'000041'),(104,41,'2012-03-11 11:36:43',0,0,0,NULL,NULL,NULL,NULL,NULL,NULL,NULL,NULL,NULL,NULL,NULL,'000042'),(105,46,'2012-03-11 11:36:43',0,0,0,NULL,NULL,NULL,NULL,NULL,NULL,NULL,NULL,NULL,NULL,NULL,'000047'),(106,47,'2012-03-11 11:36:43',0,0,0,NULL,NULL,NULL,NULL,NULL,NULL,NULL,NULL,NULL,NULL,NULL,'000048'),(107,48,'2012-03-11 11:36:44',0,0,0,NULL,NULL,NULL,NULL,NULL,NULL,NULL,NULL,NULL,NULL,NULL,'000049'),(108,53,'2012-03-11 11:36:44',0,0,0,NULL,NULL,NULL,NULL,NULL,NULL,NULL,NULL,NULL,NULL,NULL,'000054'),(109,54,'2012-03-11 11:36:44',0,0,0,NULL,NULL,NULL,NULL,NULL,NULL,NULL,NULL,NULL,NULL,NULL,'000055'),(110,55,'2012-03-11 11:36:44',0,0,0,NULL,NULL,NULL,NULL,NULL,NULL,NULL,NULL,NULL,NULL,NULL,'000056'),(111,60,'2012-03-11 11:36:44',0,0,0,NULL,NULL,NULL,NULL,NULL,NULL,NULL,NULL,NULL,NULL,NULL,'000062'),(112,61,'2012-03-11 11:36:44',0,0,0,NULL,NULL,NULL,NULL,NULL,NULL,NULL,NULL,NULL,NULL,NULL,'000063'),(113,62,'2012-03-11 11:36:44',0,0,0,NULL,NULL,NULL,NULL,NULL,NULL,NULL,NULL,NULL,NULL,NULL,'000064'),(114,67,'2012-03-11 11:36:44',0,0,0,NULL,NULL,NULL,NULL,NULL,NULL,NULL,NULL,NULL,NULL,NULL,'000069'),(115,68,'2012-03-11 11:36:44',0,0,0,NULL,NULL,NULL,NULL,NULL,NULL,NULL,NULL,NULL,NULL,NULL,'000070'),(116,69,'2012-03-11 11:36:44',0,0,0,NULL,NULL,NULL,NULL,NULL,NULL,NULL,NULL,NULL,NULL,NULL,'000071'),(117,74,'2012-03-11 11:36:44',0,0,0,NULL,NULL,NULL,NULL,NULL,NULL,NULL,NULL,NULL,NULL,NULL,'000076'),(118,75,'2012-03-11 11:36:44',0,0,0,NULL,NULL,NULL,NULL,NULL,NULL,NULL,NULL,NULL,NULL,NULL,'000077'),(119,76,'2012-03-11 11:36:44',0,0,0,NULL,NULL,NULL,NULL,NULL,NULL,NULL,NULL,NULL,NULL,NULL,'000078'),(120,81,'2012-03-11 11:36:44',0,0,0,NULL,NULL,NULL,NULL,NULL,NULL,NULL,NULL,NULL,NULL,NULL,'000083'),(121,82,'2012-03-11 11:36:44',0,0,0,NULL,NULL,NULL,NULL,NULL,NULL,NULL,NULL,NULL,NULL,NULL,'000084'),(122,83,'2012-03-11 11:36:44',0,0,0,NULL,NULL,NULL,NULL,NULL,NULL,NULL,NULL,NULL,NULL,NULL,'000085'),(123,88,'2012-03-11 11:36:44',0,0,0,NULL,NULL,NULL,NULL,NULL,NULL,NULL,NULL,NULL,NULL,NULL,'000090'),(124,89,'2012-03-11 11:36:44',0,0,0,NULL,NULL,NULL,NULL,NULL,NULL,NULL,NULL,NULL,NULL,NULL,'000091'),(125,90,'2012-03-11 11:36:44',0,0,0,NULL,NULL,NULL,NULL,NULL,NULL,NULL,NULL,NULL,NULL,NULL,'000092'),(126,29,'2012-03-11 11:36:44',0,0,0,NULL,NULL,NULL,NULL,NULL,NULL,NULL,NULL,NULL,NULL,NULL,'000030'),(127,31,'2012-03-11 11:36:44',0,0,0,NULL,NULL,NULL,NULL,NULL,NULL,NULL,NULL,NULL,NULL,NULL,'000032'),(128,33,'2012-03-11 11:36:44',0,0,0,NULL,NULL,NULL,NULL,NULL,NULL,NULL,NULL,NULL,NULL,NULL,'000034'),(129,36,'2012-03-11 11:36:44',0,0,0,NULL,NULL,NULL,NULL,NULL,NULL,NULL,NULL,NULL,NULL,NULL,'000037'),(130,37,'2012-03-11 11:36:44',0,0,0,NULL,NULL,NULL,NULL,NULL,NULL,NULL,NULL,NULL,NULL,NULL,'000038'),(131,38,'2012-03-11 11:36:45',0,0,0,NULL,NULL,NULL,NULL,NULL,NULL,NULL,NULL,NULL,NULL,NULL,'000039'),(132,43,'2012-03-11 11:36:45',0,0,0,NULL,NULL,NULL,NULL,NULL,NULL,NULL,NULL,NULL,NULL,NULL,'000044'),(133,44,'2012-03-11 11:36:45',0,0,0,NULL,NULL,NULL,NULL,NULL,NULL,NULL,NULL,NULL,NULL,NULL,'000045'),(134,45,'2012-03-11 11:36:45',0,0,0,NULL,NULL,NULL,NULL,NULL,NULL,NULL,NULL,NULL,NULL,NULL,'000046'),(135,50,'2012-03-11 11:36:45',0,0,0,NULL,NULL,NULL,NULL,NULL,NULL,NULL,NULL,NULL,NULL,NULL,'000051'),(136,51,'2012-03-11 11:36:45',0,0,0,NULL,NULL,NULL,NULL,NULL,NULL,NULL,NULL,NULL,NULL,NULL,'000052'),(137,52,'2012-03-11 11:36:45',0,0,0,NULL,NULL,NULL,NULL,NULL,NULL,NULL,NULL,NULL,NULL,NULL,'000053'),(138,57,'2012-03-11 11:36:45',0,0,0,NULL,NULL,NULL,NULL,NULL,NULL,NULL,NULL,NULL,NULL,NULL,'000059'),(139,58,'2012-03-11 11:36:45',0,0,0,NULL,NULL,NULL,NULL,NULL,NULL,NULL,NULL,NULL,NULL,NULL,'000060'),(140,59,'2012-03-11 11:36:45',0,0,0,NULL,NULL,NULL,NULL,NULL,NULL,NULL,NULL,NULL,NULL,NULL,'000061'),(141,64,'2012-03-11 11:36:45',0,0,0,NULL,NULL,NULL,NULL,NULL,NULL,NULL,NULL,NULL,NULL,NULL,'000066'),(142,65,'2012-03-11 11:36:45',0,0,0,NULL,NULL,NULL,NULL,NULL,NULL,NULL,NULL,NULL,NULL,NULL,'000067'),(143,66,'2012-03-11 11:36:45',0,0,0,NULL,NULL,NULL,NULL,NULL,NULL,NULL,NULL,NULL,NULL,NULL,'000068'),(144,71,'2012-03-11 11:36:45',0,0,0,NULL,NULL,NULL,NULL,NULL,NULL,NULL,NULL,NULL,NULL,NULL,'000073'),(145,72,'2012-03-11 11:36:46',0,0,0,NULL,NULL,NULL,NULL,NULL,NULL,NULL,NULL,NULL,NULL,NULL,'000074'),(146,73,'2012-03-11 11:36:46',0,0,0,NULL,NULL,NULL,NULL,NULL,NULL,NULL,NULL,NULL,NULL,NULL,'000075'),(147,78,'2012-03-11 11:36:46',0,0,0,NULL,NULL,NULL,NULL,NULL,NULL,NULL,NULL,NULL,NULL,NULL,'000080'),(148,79,'2012-03-11 11:36:46',0,0,0,NULL,NULL,NULL,NULL,NULL,NULL,NULL,NULL,NULL,NULL,NULL,'000081'),(149,80,'2012-03-11 11:36:46',0,0,0,NULL,NULL,NULL,NULL,NULL,NULL,NULL,NULL,NULL,NULL,NULL,'000082'),(150,85,'2012-03-11 11:36:46',0,0,0,NULL,NULL,NULL,NULL,NULL,NULL,NULL,NULL,NULL,NULL,NULL,'000087'),(151,86,'2012-03-11 11:36:46',0,0,0,NULL,NULL,NULL,NULL,NULL,NULL,NULL,NULL,NULL,NULL,NULL,'000088'),(152,87,'2012-03-11 11:36:46',0,0,0,NULL,NULL,NULL,NULL,NULL,NULL,NULL,NULL,NULL,NULL,NULL,'000089'),(153,95,'2012-03-11 11:36:46',0,0,0,NULL,NULL,NULL,NULL,NULL,NULL,NULL,NULL,NULL,NULL,NULL,'000097'),(154,96,'2012-03-11 11:36:46',0,0,0,NULL,NULL,NULL,NULL,NULL,NULL,NULL,NULL,NULL,NULL,NULL,'000098'),(155,97,'2012-03-11 11:36:46',0,0,0,NULL,NULL,NULL,NULL,NULL,NULL,NULL,NULL,NULL,NULL,NULL,'000099'),(156,8,'2012-03-11 11:36:46',0,0,0,NULL,NULL,NULL,NULL,NULL,NULL,NULL,NULL,NULL,NULL,NULL,'000009'),(157,9,'2012-03-11 11:36:46',0,0,0,NULL,NULL,NULL,NULL,NULL,NULL,NULL,NULL,NULL,NULL,NULL,'000010'),(158,10,'2012-03-11 11:36:46',0,0,0,NULL,NULL,NULL,NULL,NULL,NULL,NULL,NULL,NULL,NULL,NULL,'000011'),(159,14,'2012-03-11 11:36:46',0,0,0,NULL,NULL,NULL,NULL,NULL,NULL,NULL,NULL,NULL,NULL,NULL,'000015'),(160,15,'2012-03-11 11:36:46',0,0,0,NULL,NULL,NULL,NULL,NULL,NULL,NULL,NULL,NULL,NULL,NULL,'000016'),(161,16,'2012-03-11 11:36:46',0,0,0,NULL,NULL,NULL,NULL,NULL,NULL,NULL,NULL,NULL,NULL,NULL,'000017'),(162,20,'2012-03-11 11:36:46',0,0,0,NULL,NULL,NULL,NULL,NULL,NULL,NULL,NULL,NULL,NULL,NULL,'000021'),(163,21,'2012-03-11 11:36:47',0,0,0,NULL,NULL,NULL,NULL,NULL,NULL,NULL,NULL,NULL,NULL,NULL,'000022'),(164,22,'2012-03-11 11:36:47',0,0,0,NULL,NULL,NULL,NULL,NULL,NULL,NULL,NULL,NULL,NULL,NULL,'000023'),(165,26,'2012-03-11 11:36:47',0,0,0,NULL,NULL,NULL,NULL,NULL,NULL,NULL,NULL,NULL,NULL,NULL,'000027'),(166,27,'2012-03-11 11:36:47',0,0,0,NULL,NULL,NULL,NULL,NULL,NULL,NULL,NULL,NULL,NULL,NULL,'000028'),(167,28,'2012-03-11 11:36:47',0,0,0,NULL,NULL,NULL,NULL,NULL,NULL,NULL,NULL,NULL,NULL,NULL,'000029'),(168,35,'2012-03-11 11:36:47',0,0,0,NULL,NULL,NULL,NULL,NULL,NULL,NULL,NULL,NULL,NULL,NULL,'000036'),(169,42,'2012-03-11 11:36:47',0,0,0,NULL,NULL,NULL,NULL,NULL,NULL,NULL,NULL,NULL,NULL,NULL,'000043'),(170,49,'2012-03-11 11:36:47',0,0,0,NULL,NULL,NULL,NULL,NULL,NULL,NULL,NULL,NULL,NULL,NULL,'000050'),(171,56,'2012-03-11 11:36:47',0,0,0,NULL,NULL,NULL,NULL,NULL,NULL,NULL,NULL,NULL,NULL,NULL,'000058'),(172,63,'2012-03-11 11:36:47',0,0,0,NULL,NULL,NULL,NULL,NULL,NULL,NULL,NULL,NULL,NULL,NULL,'000065'),(173,70,'2012-03-11 11:36:47',0,0,0,NULL,NULL,NULL,NULL,NULL,NULL,NULL,NULL,NULL,NULL,NULL,'000072'),(174,77,'2012-03-11 11:36:47',0,0,0,NULL,NULL,NULL,NULL,NULL,NULL,NULL,NULL,NULL,NULL,NULL,'000079'),(175,84,'2012-03-11 11:36:48',0,0,0,NULL,NULL,NULL,NULL,NULL,NULL,NULL,NULL,NULL,NULL,NULL,'000086'),(176,92,'2012-03-11 11:36:48',0,0,0,NULL,NULL,NULL,NULL,NULL,NULL,NULL,NULL,NULL,NULL,NULL,'000094'),(177,93,'2012-03-11 11:36:48',0,0,0,NULL,NULL,NULL,NULL,NULL,NULL,NULL,NULL,NULL,NULL,NULL,'000095'),(178,94,'2012-03-11 11:36:48',0,0,0,NULL,NULL,NULL,NULL,NULL,NULL,NULL,NULL,NULL,NULL,NULL,'000096'),(179,6,'2012-03-11 11:36:48',0,0,0,NULL,NULL,NULL,NULL,NULL,NULL,NULL,NULL,NULL,NULL,NULL,'000007'),(180,5,'2012-03-11 11:36:48',0,0,0,NULL,NULL,NULL,NULL,NULL,NULL,NULL,NULL,NULL,NULL,NULL,'000006'),(181,7,'2012-03-11 11:36:48',0,0,0,NULL,NULL,NULL,NULL,NULL,NULL,NULL,NULL,NULL,NULL,NULL,'000008'),(182,11,'2012-03-11 11:36:48',0,0,0,NULL,NULL,NULL,NULL,NULL,NULL,NULL,NULL,NULL,NULL,NULL,'000012'),(183,12,'2012-03-11 11:36:48',0,0,0,NULL,NULL,NULL,NULL,NULL,NULL,NULL,NULL,NULL,NULL,NULL,'000013'),(184,13,'2012-03-11 11:36:48',0,0,0,NULL,NULL,NULL,NULL,NULL,NULL,NULL,NULL,NULL,NULL,NULL,'000014'),(185,17,'2012-03-11 11:36:48',0,0,0,NULL,NULL,NULL,NULL,NULL,NULL,NULL,NULL,NULL,NULL,NULL,'000018'),(186,18,'2012-03-11 11:36:48',0,0,0,NULL,NULL,NULL,NULL,NULL,NULL,NULL,NULL,NULL,NULL,NULL,'000019'),(187,19,'2012-03-11 11:36:48',0,0,0,NULL,NULL,NULL,NULL,NULL,NULL,NULL,NULL,NULL,NULL,NULL,'000020'),(188,23,'2012-03-11 11:36:48',0,0,0,NULL,NULL,NULL,NULL,NULL,NULL,NULL,NULL,NULL,NULL,NULL,'000024'),(189,24,'2012-03-11 11:36:49',0,0,0,NULL,NULL,NULL,NULL,NULL,NULL,NULL,NULL,NULL,NULL,NULL,'000025'),(190,25,'2012-03-11 11:36:49',0,0,0,NULL,NULL,NULL,NULL,NULL,NULL,NULL,NULL,NULL,NULL,NULL,'000026'),(191,91,'2012-03-11 11:36:49',0,0,0,NULL,NULL,NULL,NULL,NULL,NULL,NULL,NULL,NULL,NULL,NULL,'000093'),(192,4,'2012-03-11 11:36:49',0,0,0,NULL,NULL,NULL,NULL,NULL,NULL,NULL,NULL,NULL,NULL,NULL,'000005'),(193,3,'2012-03-11 11:36:49',0,0,0,NULL,NULL,NULL,NULL,NULL,NULL,NULL,NULL,NULL,NULL,NULL,'000004'),(194,2,'2012-03-11 11:36:49',0,0,0,NULL,NULL,NULL,NULL,NULL,NULL,NULL,NULL,NULL,NULL,NULL,'000003'),(195,1,'2012-03-11 11:36:49',0,0,0,NULL,NULL,NULL,NULL,NULL,NULL,NULL,NULL,NULL,NULL,NULL,'000002'),(196,0,'2012-03-11 11:36:49',0,0,0,NULL,NULL,NULL,NULL,NULL,NULL,NULL,NULL,NULL,NULL,NULL,'000001');

/*Table structure for table `t_distributor_bouns_his` */

DROP TABLE IF EXISTS `t_distributor_bouns_his`;

CREATE TABLE `t_distributor_bouns_his` (
  `res_id` int(11) NOT NULL,
  `distributor_id` int(11) default NULL,
  `bouns_date` datetime default NULL,
  `direct_bouns` double default NULL,
  `indirect_bouns` double default NULL,
  `leader_bouns` double default NULL,
  `honor_bouns` double default NULL,
  `special_bouns` double default NULL,
  `internatial_bouns` double default NULL,
  `adjust_bouns` double default NULL,
  `tax` double default NULL,
  `computer_fee` double default NULL,
  `check_flag` char(1) default NULL,
  `check_man` varchar(255) default NULL,
  `check_time` datetime default NULL,
  `remark` varchar(255) default NULL,
  `rank_id` int(11) default NULL,
  `distributor_code` char(8) default NULL,
  `batch_no` int(255) default NULL,
  PRIMARY KEY  (`res_id`)
) ENGINE=MyISAM DEFAULT CHARSET=utf8;

/*Data for the table `t_distributor_bouns_his` */

insert  into `t_distributor_bouns_his`(`res_id`,`distributor_id`,`bouns_date`,`direct_bouns`,`indirect_bouns`,`leader_bouns`,`honor_bouns`,`special_bouns`,`internatial_bouns`,`adjust_bouns`,`tax`,`computer_fee`,`check_flag`,`check_man`,`check_time`,`remark`,`rank_id`,`distributor_code`,`batch_no`) values (286,23,'2012-03-02 21:54:12',280,294.8,0,NULL,NULL,NULL,NULL,NULL,NULL,NULL,NULL,NULL,NULL,NULL,'000024',1),(285,19,'2012-03-02 21:54:12',28,0,0,NULL,NULL,NULL,NULL,NULL,NULL,NULL,NULL,NULL,NULL,NULL,'000020',1),(284,18,'2012-03-02 21:54:12',10,0,0,NULL,NULL,NULL,NULL,NULL,NULL,NULL,NULL,NULL,NULL,NULL,'000019',1),(283,17,'2012-03-02 21:54:12',30,0,0,NULL,NULL,NULL,NULL,NULL,NULL,NULL,NULL,NULL,NULL,NULL,'000018',1),(282,13,'2012-03-02 21:54:12',28,0,0,NULL,NULL,NULL,NULL,NULL,NULL,NULL,NULL,NULL,NULL,NULL,'000014',1),(281,12,'2012-03-02 21:54:12',10,0,0,NULL,NULL,NULL,NULL,NULL,NULL,NULL,NULL,NULL,NULL,NULL,'000013',1),(280,11,'2012-03-02 21:54:12',30,0,0,NULL,NULL,NULL,NULL,NULL,NULL,NULL,NULL,NULL,NULL,NULL,'000012',1),(279,7,'2012-03-02 21:54:12',28,0,0,NULL,NULL,NULL,NULL,NULL,NULL,NULL,NULL,NULL,NULL,NULL,'000008',1),(278,5,'2012-03-02 21:54:12',30,0,0,NULL,NULL,NULL,NULL,NULL,NULL,NULL,NULL,NULL,NULL,NULL,'000006',1),(277,6,'2012-03-02 21:54:12',10,0,0,NULL,NULL,NULL,NULL,NULL,NULL,NULL,NULL,NULL,NULL,NULL,'000007',1),(276,94,'2012-03-02 21:54:12',28,0,0,NULL,NULL,NULL,NULL,NULL,NULL,NULL,NULL,NULL,NULL,NULL,'000096',1),(275,93,'2012-03-02 21:54:12',10,0,0,NULL,NULL,NULL,NULL,NULL,NULL,NULL,NULL,NULL,NULL,NULL,'000095',1),(274,92,'2012-03-02 21:54:12',30,0,0,NULL,NULL,NULL,NULL,NULL,NULL,NULL,NULL,NULL,NULL,NULL,'000094',1),(273,84,'2012-03-02 21:54:12',112,16.5,0,NULL,NULL,NULL,NULL,NULL,NULL,NULL,NULL,NULL,NULL,NULL,'000086',1),(272,77,'2012-03-02 21:54:12',134.4,51.6,0,NULL,NULL,NULL,NULL,NULL,NULL,NULL,NULL,NULL,NULL,NULL,'000079',1),(271,70,'2012-03-02 21:54:11',134.4,51.6,0,NULL,NULL,NULL,NULL,NULL,NULL,NULL,NULL,NULL,NULL,NULL,'000072',1),(270,63,'2012-03-02 21:54:11',134.4,51.6,0,NULL,NULL,NULL,NULL,NULL,NULL,NULL,NULL,NULL,NULL,NULL,'000065',1),(269,56,'2012-03-02 21:54:11',134.4,51.6,0,NULL,NULL,NULL,NULL,NULL,NULL,NULL,NULL,NULL,NULL,NULL,'000058',1),(268,49,'2012-03-02 21:54:11',134.4,51.6,0,NULL,NULL,NULL,NULL,NULL,NULL,NULL,NULL,NULL,NULL,NULL,'000050',1),(267,42,'2012-03-02 21:54:11',134.4,51.6,0,NULL,NULL,NULL,NULL,NULL,NULL,NULL,NULL,NULL,NULL,NULL,'000043',1),(266,35,'2012-03-02 21:54:11',134.4,51.6,0,NULL,NULL,NULL,NULL,NULL,NULL,NULL,NULL,NULL,NULL,NULL,'000036',1),(265,28,'2012-03-02 21:54:11',10,0,0,NULL,NULL,NULL,NULL,NULL,NULL,NULL,NULL,NULL,NULL,NULL,'000029',1),(264,27,'2012-03-02 21:54:11',10,0,0,NULL,NULL,NULL,NULL,NULL,NULL,NULL,NULL,NULL,NULL,NULL,'000028',1),(263,26,'2012-03-02 21:54:11',134.4,51.6,0,NULL,NULL,NULL,NULL,NULL,NULL,NULL,NULL,NULL,NULL,NULL,'000027',1),(262,22,'2012-03-02 21:54:11',0,0,0,NULL,NULL,NULL,NULL,NULL,NULL,NULL,NULL,NULL,NULL,NULL,'000023',1),(261,21,'2012-03-02 21:54:11',10,0,0,NULL,NULL,NULL,NULL,NULL,NULL,NULL,NULL,NULL,NULL,NULL,'000022',1),(260,20,'2012-03-02 21:54:11',0,0,0,NULL,NULL,NULL,NULL,NULL,NULL,NULL,NULL,NULL,NULL,NULL,'000021',1),(259,16,'2012-03-02 21:54:11',0,0,0,NULL,NULL,NULL,NULL,NULL,NULL,NULL,NULL,NULL,NULL,NULL,'000017',1),(258,15,'2012-03-02 21:54:11',10,0,0,NULL,NULL,NULL,NULL,NULL,NULL,NULL,NULL,NULL,NULL,NULL,'000016',1),(257,14,'2012-03-02 21:54:11',0,0,0,NULL,NULL,NULL,NULL,NULL,NULL,NULL,NULL,NULL,NULL,NULL,'000015',1),(256,10,'2012-03-02 21:54:11',0,0,0,NULL,NULL,NULL,NULL,NULL,NULL,NULL,NULL,NULL,NULL,NULL,'000011',1),(255,9,'2012-03-02 21:54:11',10,0,0,NULL,NULL,NULL,NULL,NULL,NULL,NULL,NULL,NULL,NULL,NULL,'000010',1),(253,97,'2012-03-02 21:54:11',0,0,0,NULL,NULL,NULL,NULL,NULL,NULL,NULL,NULL,NULL,NULL,NULL,'000099',1),(254,8,'2012-03-02 21:54:11',0,0,0,NULL,NULL,NULL,NULL,NULL,NULL,NULL,NULL,NULL,NULL,NULL,'000009',1),(252,96,'2012-03-02 21:54:11',10,0,0,NULL,NULL,NULL,NULL,NULL,NULL,NULL,NULL,NULL,NULL,NULL,'000098',1),(251,95,'2012-03-02 21:54:11',0,0,0,NULL,NULL,NULL,NULL,NULL,NULL,NULL,NULL,NULL,NULL,NULL,'000097',1),(250,87,'2012-03-02 21:54:10',28,0,0,NULL,NULL,NULL,NULL,NULL,NULL,NULL,NULL,NULL,NULL,NULL,'000089',1),(249,86,'2012-03-02 21:54:10',5.5,0,0,NULL,NULL,NULL,NULL,NULL,NULL,NULL,NULL,NULL,NULL,NULL,'000088',1),(248,85,'2012-03-02 21:54:10',30,0,0,NULL,NULL,NULL,NULL,NULL,NULL,NULL,NULL,NULL,NULL,NULL,'000087',1),(247,80,'2012-03-02 21:54:10',28,0,0,NULL,NULL,NULL,NULL,NULL,NULL,NULL,NULL,NULL,NULL,NULL,'000082',1),(246,79,'2012-03-02 21:54:10',10,0,0,NULL,NULL,NULL,NULL,NULL,NULL,NULL,NULL,NULL,NULL,NULL,'000081',1),(245,78,'2012-03-02 21:54:10',30,0,0,NULL,NULL,NULL,NULL,NULL,NULL,NULL,NULL,NULL,NULL,NULL,'000080',1),(244,73,'2012-03-02 21:54:10',28,0,0,NULL,NULL,NULL,NULL,NULL,NULL,NULL,NULL,NULL,NULL,NULL,'000075',1),(243,72,'2012-03-02 21:54:10',10,0,0,NULL,NULL,NULL,NULL,NULL,NULL,NULL,NULL,NULL,NULL,NULL,'000074',1),(242,71,'2012-03-02 21:54:10',30,0,0,NULL,NULL,NULL,NULL,NULL,NULL,NULL,NULL,NULL,NULL,NULL,'000073',1),(241,66,'2012-03-02 21:54:10',28,0,0,NULL,NULL,NULL,NULL,NULL,NULL,NULL,NULL,NULL,NULL,NULL,'000068',1),(240,65,'2012-03-02 21:54:10',10,0,0,NULL,NULL,NULL,NULL,NULL,NULL,NULL,NULL,NULL,NULL,NULL,'000067',1),(239,64,'2012-03-02 21:54:10',30,0,0,NULL,NULL,NULL,NULL,NULL,NULL,NULL,NULL,NULL,NULL,NULL,'000066',1),(238,59,'2012-03-02 21:54:10',28,0,0,NULL,NULL,NULL,NULL,NULL,NULL,NULL,NULL,NULL,NULL,NULL,'000061',1),(237,58,'2012-03-02 21:54:10',10,0,0,NULL,NULL,NULL,NULL,NULL,NULL,NULL,NULL,NULL,NULL,NULL,'000060',1),(236,57,'2012-03-02 21:54:10',30,0,0,NULL,NULL,NULL,NULL,NULL,NULL,NULL,NULL,NULL,NULL,NULL,'000059',1),(235,52,'2012-03-02 21:54:10',28,0,0,NULL,NULL,NULL,NULL,NULL,NULL,NULL,NULL,NULL,NULL,NULL,'000053',1),(234,51,'2012-03-02 21:54:10',10,0,0,NULL,NULL,NULL,NULL,NULL,NULL,NULL,NULL,NULL,NULL,NULL,'000052',1),(233,50,'2012-03-02 21:54:10',0,0,0,NULL,NULL,NULL,NULL,NULL,NULL,NULL,NULL,NULL,NULL,NULL,'000051',1),(232,45,'2012-03-02 21:54:09',28,0,0,NULL,NULL,NULL,NULL,NULL,NULL,NULL,NULL,NULL,NULL,NULL,'000046',1),(231,44,'2012-03-02 21:54:09',10,0,0,NULL,NULL,NULL,NULL,NULL,NULL,NULL,NULL,NULL,NULL,NULL,'000045',1),(230,43,'2012-03-02 21:54:09',30,0,0,NULL,NULL,NULL,NULL,NULL,NULL,NULL,NULL,NULL,NULL,NULL,'000044',1),(229,38,'2012-03-02 21:54:09',28,0,0,NULL,NULL,NULL,NULL,NULL,NULL,NULL,NULL,NULL,NULL,NULL,'000039',1),(228,37,'2012-03-02 21:54:09',10,0,0,NULL,NULL,NULL,NULL,NULL,NULL,NULL,NULL,NULL,NULL,NULL,'000038',1),(227,36,'2012-03-02 21:54:09',30,0,0,NULL,NULL,NULL,NULL,NULL,NULL,NULL,NULL,NULL,NULL,NULL,'000037',1),(226,33,'2012-03-02 21:54:09',28,0,0,NULL,NULL,NULL,NULL,NULL,NULL,NULL,NULL,NULL,NULL,NULL,'000034',1),(225,31,'2012-03-02 21:54:09',10,0,0,NULL,NULL,NULL,NULL,NULL,NULL,NULL,NULL,NULL,NULL,NULL,'000032',1),(224,29,'2012-03-02 21:54:09',30,0,0,NULL,NULL,NULL,NULL,NULL,NULL,NULL,NULL,NULL,NULL,NULL,'000030',1),(223,90,'2012-03-02 21:54:09',0,0,0,NULL,NULL,NULL,NULL,NULL,NULL,NULL,NULL,NULL,NULL,NULL,'000092',1),(222,89,'2012-03-02 21:54:09',0,0,0,NULL,NULL,NULL,NULL,NULL,NULL,NULL,NULL,NULL,NULL,NULL,'000091',1),(221,88,'2012-03-02 21:54:09',0,0,0,NULL,NULL,NULL,NULL,NULL,NULL,NULL,NULL,NULL,NULL,NULL,'000090',1),(220,83,'2012-03-02 21:54:09',0,0,0,NULL,NULL,NULL,NULL,NULL,NULL,NULL,NULL,NULL,NULL,NULL,'000085',1),(219,82,'2012-03-02 21:54:09',10,0,0,NULL,NULL,NULL,NULL,NULL,NULL,NULL,NULL,NULL,NULL,NULL,'000084',1),(218,81,'2012-03-02 21:54:09',0,0,0,NULL,NULL,NULL,NULL,NULL,NULL,NULL,NULL,NULL,NULL,NULL,'000083',1),(217,76,'2012-03-02 21:54:09',0,0,0,NULL,NULL,NULL,NULL,NULL,NULL,NULL,NULL,NULL,NULL,NULL,'000078',1),(216,75,'2012-03-02 21:54:09',10,0,0,NULL,NULL,NULL,NULL,NULL,NULL,NULL,NULL,NULL,NULL,NULL,'000077',1),(215,74,'2012-03-02 21:54:09',0,0,0,NULL,NULL,NULL,NULL,NULL,NULL,NULL,NULL,NULL,NULL,NULL,'000076',1),(214,69,'2012-03-02 21:54:09',0,0,0,NULL,NULL,NULL,NULL,NULL,NULL,NULL,NULL,NULL,NULL,NULL,'000071',1),(213,68,'2012-03-02 21:54:09',10,0,0,NULL,NULL,NULL,NULL,NULL,NULL,NULL,NULL,NULL,NULL,NULL,'000070',1),(212,67,'2012-03-02 21:54:09',0,0,0,NULL,NULL,NULL,NULL,NULL,NULL,NULL,NULL,NULL,NULL,NULL,'000069',1),(211,62,'2012-03-02 21:54:09',0,0,0,NULL,NULL,NULL,NULL,NULL,NULL,NULL,NULL,NULL,NULL,NULL,'000064',1),(210,61,'2012-03-02 21:54:08',10,0,0,NULL,NULL,NULL,NULL,NULL,NULL,NULL,NULL,NULL,NULL,NULL,'000063',1),(209,60,'2012-03-02 21:54:08',0,0,0,NULL,NULL,NULL,NULL,NULL,NULL,NULL,NULL,NULL,NULL,NULL,'000062',1),(208,55,'2012-03-02 21:54:08',0,0,0,NULL,NULL,NULL,NULL,NULL,NULL,NULL,NULL,NULL,NULL,NULL,'000056',1),(207,54,'2012-03-02 21:54:08',10,0,0,NULL,NULL,NULL,NULL,NULL,NULL,NULL,NULL,NULL,NULL,NULL,'000055',1),(206,53,'2012-03-02 21:54:08',0,0,0,NULL,NULL,NULL,NULL,NULL,NULL,NULL,NULL,NULL,NULL,NULL,'000054',1),(205,48,'2012-03-02 21:54:08',0,0,0,NULL,NULL,NULL,NULL,NULL,NULL,NULL,NULL,NULL,NULL,NULL,'000049',1),(204,47,'2012-03-02 21:54:08',10,0,0,NULL,NULL,NULL,NULL,NULL,NULL,NULL,NULL,NULL,NULL,NULL,'000048',1),(203,46,'2012-03-02 21:54:08',0,0,0,NULL,NULL,NULL,NULL,NULL,NULL,NULL,NULL,NULL,NULL,NULL,'000047',1),(202,41,'2012-03-02 21:54:08',0,0,0,NULL,NULL,NULL,NULL,NULL,NULL,NULL,NULL,NULL,NULL,NULL,'000042',1),(201,40,'2012-03-02 21:54:08',10,0,0,NULL,NULL,NULL,NULL,NULL,NULL,NULL,NULL,NULL,NULL,NULL,'000041',1),(200,39,'2012-03-02 21:54:08',0,0,0,NULL,NULL,NULL,NULL,NULL,NULL,NULL,NULL,NULL,NULL,NULL,'000040',1),(199,34,'2012-03-02 21:54:08',0,0,0,NULL,NULL,NULL,NULL,NULL,NULL,NULL,NULL,NULL,NULL,NULL,'000035',1),(198,32,'2012-03-02 21:54:08',10,0,0,NULL,NULL,NULL,NULL,NULL,NULL,NULL,NULL,NULL,NULL,NULL,'000033',1),(197,30,'2012-03-02 21:54:08',0,0,0,NULL,NULL,NULL,NULL,NULL,NULL,NULL,NULL,NULL,NULL,NULL,'000031',1),(287,24,'2012-03-02 21:54:12',168,286.8,0,NULL,NULL,NULL,NULL,NULL,NULL,NULL,NULL,NULL,NULL,NULL,'000025',1),(288,25,'2012-03-02 21:54:13',144,158.1,0,NULL,NULL,NULL,NULL,NULL,NULL,NULL,NULL,NULL,NULL,NULL,'000026',1),(289,91,'2012-03-02 21:54:13',134.4,51.6,0,NULL,NULL,NULL,NULL,NULL,NULL,NULL,NULL,NULL,NULL,NULL,'000093',1),(290,4,'2012-03-02 21:54:13',140,985.7,64.2,NULL,NULL,NULL,NULL,NULL,NULL,NULL,NULL,NULL,NULL,NULL,'000005',1),(291,3,'2012-03-02 21:54:13',134.4,51.6,0,NULL,NULL,NULL,NULL,NULL,NULL,NULL,NULL,NULL,NULL,NULL,'000004',1),(292,2,'2012-03-02 21:54:13',134.4,51.6,0,NULL,NULL,NULL,NULL,NULL,NULL,NULL,NULL,NULL,NULL,NULL,'000003',1),(293,1,'2012-03-02 21:54:13',134.4,51.6,0,NULL,NULL,NULL,NULL,NULL,NULL,NULL,NULL,NULL,NULL,NULL,'000002',1),(294,0,'2012-03-02 21:54:13',196,1272.5,110.6,NULL,NULL,NULL,NULL,NULL,NULL,NULL,NULL,NULL,NULL,NULL,'000001',1),(468,77,'2012-03-11 11:36:47',0,0,0,NULL,NULL,NULL,NULL,NULL,NULL,NULL,NULL,NULL,NULL,NULL,'000079',3),(467,70,'2012-03-11 11:36:47',0,0,0,NULL,NULL,NULL,NULL,NULL,NULL,NULL,NULL,NULL,NULL,NULL,'000072',3),(466,63,'2012-03-11 11:36:47',0,0,0,NULL,NULL,NULL,NULL,NULL,NULL,NULL,NULL,NULL,NULL,NULL,'000065',3),(465,56,'2012-03-11 11:36:47',0,0,0,NULL,NULL,NULL,NULL,NULL,NULL,NULL,NULL,NULL,NULL,NULL,'000058',3),(464,49,'2012-03-11 11:36:47',0,0,0,NULL,NULL,NULL,NULL,NULL,NULL,NULL,NULL,NULL,NULL,NULL,'000050',3),(463,42,'2012-03-11 11:36:47',0,0,0,NULL,NULL,NULL,NULL,NULL,NULL,NULL,NULL,NULL,NULL,NULL,'000043',3),(462,35,'2012-03-11 11:36:47',0,0,0,NULL,NULL,NULL,NULL,NULL,NULL,NULL,NULL,NULL,NULL,NULL,'000036',3),(461,28,'2012-03-11 11:36:47',0,0,0,NULL,NULL,NULL,NULL,NULL,NULL,NULL,NULL,NULL,NULL,NULL,'000029',3),(460,27,'2012-03-11 11:36:47',0,0,0,NULL,NULL,NULL,NULL,NULL,NULL,NULL,NULL,NULL,NULL,NULL,'000028',3),(459,26,'2012-03-11 11:36:47',0,0,0,NULL,NULL,NULL,NULL,NULL,NULL,NULL,NULL,NULL,NULL,NULL,'000027',3),(458,22,'2012-03-11 11:36:47',0,0,0,NULL,NULL,NULL,NULL,NULL,NULL,NULL,NULL,NULL,NULL,NULL,'000023',3),(457,21,'2012-03-11 11:36:47',0,0,0,NULL,NULL,NULL,NULL,NULL,NULL,NULL,NULL,NULL,NULL,NULL,'000022',3),(456,20,'2012-03-11 11:36:46',0,0,0,NULL,NULL,NULL,NULL,NULL,NULL,NULL,NULL,NULL,NULL,NULL,'000021',3),(455,16,'2012-03-11 11:36:46',0,0,0,NULL,NULL,NULL,NULL,NULL,NULL,NULL,NULL,NULL,NULL,NULL,'000017',3),(454,15,'2012-03-11 11:36:46',0,0,0,NULL,NULL,NULL,NULL,NULL,NULL,NULL,NULL,NULL,NULL,NULL,'000016',3),(453,14,'2012-03-11 11:36:46',0,0,0,NULL,NULL,NULL,NULL,NULL,NULL,NULL,NULL,NULL,NULL,NULL,'000015',3),(452,10,'2012-03-11 11:36:46',0,0,0,NULL,NULL,NULL,NULL,NULL,NULL,NULL,NULL,NULL,NULL,NULL,'000011',3),(451,9,'2012-03-11 11:36:46',0,0,0,NULL,NULL,NULL,NULL,NULL,NULL,NULL,NULL,NULL,NULL,NULL,'000010',3),(450,8,'2012-03-11 11:36:46',0,0,0,NULL,NULL,NULL,NULL,NULL,NULL,NULL,NULL,NULL,NULL,NULL,'000009',3),(449,97,'2012-03-11 11:36:46',0,0,0,NULL,NULL,NULL,NULL,NULL,NULL,NULL,NULL,NULL,NULL,NULL,'000099',3),(448,96,'2012-03-11 11:36:46',0,0,0,NULL,NULL,NULL,NULL,NULL,NULL,NULL,NULL,NULL,NULL,NULL,'000098',3),(447,95,'2012-03-11 11:36:46',0,0,0,NULL,NULL,NULL,NULL,NULL,NULL,NULL,NULL,NULL,NULL,NULL,'000097',3),(446,87,'2012-03-11 11:36:46',0,0,0,NULL,NULL,NULL,NULL,NULL,NULL,NULL,NULL,NULL,NULL,NULL,'000089',3),(445,86,'2012-03-11 11:36:46',0,0,0,NULL,NULL,NULL,NULL,NULL,NULL,NULL,NULL,NULL,NULL,NULL,'000088',3),(444,85,'2012-03-11 11:36:46',0,0,0,NULL,NULL,NULL,NULL,NULL,NULL,NULL,NULL,NULL,NULL,NULL,'000087',3),(443,80,'2012-03-11 11:36:46',0,0,0,NULL,NULL,NULL,NULL,NULL,NULL,NULL,NULL,NULL,NULL,NULL,'000082',3),(442,79,'2012-03-11 11:36:46',0,0,0,NULL,NULL,NULL,NULL,NULL,NULL,NULL,NULL,NULL,NULL,NULL,'000081',3),(441,78,'2012-03-11 11:36:46',0,0,0,NULL,NULL,NULL,NULL,NULL,NULL,NULL,NULL,NULL,NULL,NULL,'000080',3),(440,73,'2012-03-11 11:36:46',0,0,0,NULL,NULL,NULL,NULL,NULL,NULL,NULL,NULL,NULL,NULL,NULL,'000075',3),(439,72,'2012-03-11 11:36:46',0,0,0,NULL,NULL,NULL,NULL,NULL,NULL,NULL,NULL,NULL,NULL,NULL,'000074',3),(438,71,'2012-03-11 11:36:45',0,0,0,NULL,NULL,NULL,NULL,NULL,NULL,NULL,NULL,NULL,NULL,NULL,'000073',3),(437,66,'2012-03-11 11:36:45',0,0,0,NULL,NULL,NULL,NULL,NULL,NULL,NULL,NULL,NULL,NULL,NULL,'000068',3),(436,65,'2012-03-11 11:36:45',0,0,0,NULL,NULL,NULL,NULL,NULL,NULL,NULL,NULL,NULL,NULL,NULL,'000067',3),(435,64,'2012-03-11 11:36:45',0,0,0,NULL,NULL,NULL,NULL,NULL,NULL,NULL,NULL,NULL,NULL,NULL,'000066',3),(434,59,'2012-03-11 11:36:45',0,0,0,NULL,NULL,NULL,NULL,NULL,NULL,NULL,NULL,NULL,NULL,NULL,'000061',3),(433,58,'2012-03-11 11:36:45',0,0,0,NULL,NULL,NULL,NULL,NULL,NULL,NULL,NULL,NULL,NULL,NULL,'000060',3),(432,57,'2012-03-11 11:36:45',0,0,0,NULL,NULL,NULL,NULL,NULL,NULL,NULL,NULL,NULL,NULL,NULL,'000059',3),(431,52,'2012-03-11 11:36:45',0,0,0,NULL,NULL,NULL,NULL,NULL,NULL,NULL,NULL,NULL,NULL,NULL,'000053',3),(430,51,'2012-03-11 11:36:45',0,0,0,NULL,NULL,NULL,NULL,NULL,NULL,NULL,NULL,NULL,NULL,NULL,'000052',3),(429,50,'2012-03-11 11:36:45',0,0,0,NULL,NULL,NULL,NULL,NULL,NULL,NULL,NULL,NULL,NULL,NULL,'000051',3),(428,45,'2012-03-11 11:36:45',0,0,0,NULL,NULL,NULL,NULL,NULL,NULL,NULL,NULL,NULL,NULL,NULL,'000046',3),(427,44,'2012-03-11 11:36:45',0,0,0,NULL,NULL,NULL,NULL,NULL,NULL,NULL,NULL,NULL,NULL,NULL,'000045',3),(426,43,'2012-03-11 11:36:45',0,0,0,NULL,NULL,NULL,NULL,NULL,NULL,NULL,NULL,NULL,NULL,NULL,'000044',3),(425,38,'2012-03-11 11:36:45',0,0,0,NULL,NULL,NULL,NULL,NULL,NULL,NULL,NULL,NULL,NULL,NULL,'000039',3),(424,37,'2012-03-11 11:36:44',0,0,0,NULL,NULL,NULL,NULL,NULL,NULL,NULL,NULL,NULL,NULL,NULL,'000038',3),(423,36,'2012-03-11 11:36:44',0,0,0,NULL,NULL,NULL,NULL,NULL,NULL,NULL,NULL,NULL,NULL,NULL,'000037',3),(422,33,'2012-03-11 11:36:44',0,0,0,NULL,NULL,NULL,NULL,NULL,NULL,NULL,NULL,NULL,NULL,NULL,'000034',3),(421,31,'2012-03-11 11:36:44',0,0,0,NULL,NULL,NULL,NULL,NULL,NULL,NULL,NULL,NULL,NULL,NULL,'000032',3),(420,29,'2012-03-11 11:36:44',0,0,0,NULL,NULL,NULL,NULL,NULL,NULL,NULL,NULL,NULL,NULL,NULL,'000030',3),(419,90,'2012-03-11 11:36:44',0,0,0,NULL,NULL,NULL,NULL,NULL,NULL,NULL,NULL,NULL,NULL,NULL,'000092',3),(418,89,'2012-03-11 11:36:44',0,0,0,NULL,NULL,NULL,NULL,NULL,NULL,NULL,NULL,NULL,NULL,NULL,'000091',3),(417,88,'2012-03-11 11:36:44',0,0,0,NULL,NULL,NULL,NULL,NULL,NULL,NULL,NULL,NULL,NULL,NULL,'000090',3),(416,83,'2012-03-11 11:36:44',0,0,0,NULL,NULL,NULL,NULL,NULL,NULL,NULL,NULL,NULL,NULL,NULL,'000085',3),(415,82,'2012-03-11 11:36:44',0,0,0,NULL,NULL,NULL,NULL,NULL,NULL,NULL,NULL,NULL,NULL,NULL,'000084',3),(414,81,'2012-03-11 11:36:44',0,0,0,NULL,NULL,NULL,NULL,NULL,NULL,NULL,NULL,NULL,NULL,NULL,'000083',3),(413,76,'2012-03-11 11:36:44',0,0,0,NULL,NULL,NULL,NULL,NULL,NULL,NULL,NULL,NULL,NULL,NULL,'000078',3),(412,75,'2012-03-11 11:36:44',0,0,0,NULL,NULL,NULL,NULL,NULL,NULL,NULL,NULL,NULL,NULL,NULL,'000077',3),(411,74,'2012-03-11 11:36:44',0,0,0,NULL,NULL,NULL,NULL,NULL,NULL,NULL,NULL,NULL,NULL,NULL,'000076',3),(410,69,'2012-03-11 11:36:44',0,0,0,NULL,NULL,NULL,NULL,NULL,NULL,NULL,NULL,NULL,NULL,NULL,'000071',3),(409,68,'2012-03-11 11:36:44',0,0,0,NULL,NULL,NULL,NULL,NULL,NULL,NULL,NULL,NULL,NULL,NULL,'000070',3),(408,67,'2012-03-11 11:36:44',0,0,0,NULL,NULL,NULL,NULL,NULL,NULL,NULL,NULL,NULL,NULL,NULL,'000069',3),(407,62,'2012-03-11 11:36:44',0,0,0,NULL,NULL,NULL,NULL,NULL,NULL,NULL,NULL,NULL,NULL,NULL,'000064',3),(406,61,'2012-03-11 11:36:44',0,0,0,NULL,NULL,NULL,NULL,NULL,NULL,NULL,NULL,NULL,NULL,NULL,'000063',3),(405,60,'2012-03-11 11:36:44',0,0,0,NULL,NULL,NULL,NULL,NULL,NULL,NULL,NULL,NULL,NULL,NULL,'000062',3),(404,55,'2012-03-11 11:36:44',0,0,0,NULL,NULL,NULL,NULL,NULL,NULL,NULL,NULL,NULL,NULL,NULL,'000056',3),(403,54,'2012-03-11 11:36:44',0,0,0,NULL,NULL,NULL,NULL,NULL,NULL,NULL,NULL,NULL,NULL,NULL,'000055',3),(402,53,'2012-03-11 11:36:44',0,0,0,NULL,NULL,NULL,NULL,NULL,NULL,NULL,NULL,NULL,NULL,NULL,'000054',3),(401,48,'2012-03-11 11:36:44',0,0,0,NULL,NULL,NULL,NULL,NULL,NULL,NULL,NULL,NULL,NULL,NULL,'000049',3),(400,47,'2012-03-11 11:36:43',0,0,0,NULL,NULL,NULL,NULL,NULL,NULL,NULL,NULL,NULL,NULL,NULL,'000048',3),(399,46,'2012-03-11 11:36:43',0,0,0,NULL,NULL,NULL,NULL,NULL,NULL,NULL,NULL,NULL,NULL,NULL,'000047',3),(398,41,'2012-03-11 11:36:43',0,0,0,NULL,NULL,NULL,NULL,NULL,NULL,NULL,NULL,NULL,NULL,NULL,'000042',3),(397,40,'2012-03-11 11:36:43',0,0,0,NULL,NULL,NULL,NULL,NULL,NULL,NULL,NULL,NULL,NULL,NULL,'000041',3),(396,39,'2012-03-11 11:36:43',0,0,0,NULL,NULL,NULL,NULL,NULL,NULL,NULL,NULL,NULL,NULL,NULL,'000040',3),(395,34,'2012-03-11 11:36:43',0,0,0,NULL,NULL,NULL,NULL,NULL,NULL,NULL,NULL,NULL,NULL,NULL,'000035',3),(394,32,'2012-03-11 11:36:43',0,0,0,NULL,NULL,NULL,NULL,NULL,NULL,NULL,NULL,NULL,NULL,NULL,'000033',3),(393,30,'2012-03-11 11:36:43',0,0,0,NULL,NULL,NULL,NULL,NULL,NULL,NULL,NULL,NULL,NULL,NULL,'000031',3),(392,0,'2012-03-04 20:47:02',0,0,0,NULL,NULL,NULL,NULL,NULL,NULL,NULL,NULL,NULL,NULL,NULL,'000001',2),(391,1,'2012-03-04 20:47:02',0,0,0,NULL,NULL,NULL,NULL,NULL,NULL,NULL,NULL,NULL,NULL,NULL,'000002',2),(390,2,'2012-03-04 20:47:02',0,0,0,NULL,NULL,NULL,NULL,NULL,NULL,NULL,NULL,NULL,NULL,NULL,'000003',2),(389,3,'2012-03-04 20:47:02',0,0,0,NULL,NULL,NULL,NULL,NULL,NULL,NULL,NULL,NULL,NULL,NULL,'000004',2),(388,4,'2012-03-04 20:47:01',0,0,0,NULL,NULL,NULL,NULL,NULL,NULL,NULL,NULL,NULL,NULL,NULL,'000005',2),(387,91,'2012-03-04 20:47:01',0,0,0,NULL,NULL,NULL,NULL,NULL,NULL,NULL,NULL,NULL,NULL,NULL,'000093',2),(386,25,'2012-03-04 20:47:01',0,0,0,NULL,NULL,NULL,NULL,NULL,NULL,NULL,NULL,NULL,NULL,NULL,'000026',2),(385,24,'2012-03-04 20:47:01',0,0,0,NULL,NULL,NULL,NULL,NULL,NULL,NULL,NULL,NULL,NULL,NULL,'000025',2),(384,23,'2012-03-04 20:47:01',0,0,0,NULL,NULL,NULL,NULL,NULL,NULL,NULL,NULL,NULL,NULL,NULL,'000024',2),(383,19,'2012-03-04 20:47:01',0,0,0,NULL,NULL,NULL,NULL,NULL,NULL,NULL,NULL,NULL,NULL,NULL,'000020',2),(382,18,'2012-03-04 20:47:01',0,0,0,NULL,NULL,NULL,NULL,NULL,NULL,NULL,NULL,NULL,NULL,NULL,'000019',2),(381,17,'2012-03-04 20:47:01',0,0,0,NULL,NULL,NULL,NULL,NULL,NULL,NULL,NULL,NULL,NULL,NULL,'000018',2),(380,13,'2012-03-04 20:47:01',0,0,0,NULL,NULL,NULL,NULL,NULL,NULL,NULL,NULL,NULL,NULL,NULL,'000014',2),(379,12,'2012-03-04 20:47:01',0,0,0,NULL,NULL,NULL,NULL,NULL,NULL,NULL,NULL,NULL,NULL,NULL,'000013',2),(378,11,'2012-03-04 20:47:00',0,0,0,NULL,NULL,NULL,NULL,NULL,NULL,NULL,NULL,NULL,NULL,NULL,'000012',2),(377,7,'2012-03-04 20:47:00',0,0,0,NULL,NULL,NULL,NULL,NULL,NULL,NULL,NULL,NULL,NULL,NULL,'000008',2),(376,5,'2012-03-04 20:47:00',0,0,0,NULL,NULL,NULL,NULL,NULL,NULL,NULL,NULL,NULL,NULL,NULL,'000006',2),(375,6,'2012-03-04 20:47:00',0,0,0,NULL,NULL,NULL,NULL,NULL,NULL,NULL,NULL,NULL,NULL,NULL,'000007',2),(374,94,'2012-03-04 20:47:00',0,0,0,NULL,NULL,NULL,NULL,NULL,NULL,NULL,NULL,NULL,NULL,NULL,'000096',2),(373,93,'2012-03-04 20:47:00',0,0,0,NULL,NULL,NULL,NULL,NULL,NULL,NULL,NULL,NULL,NULL,NULL,'000095',2),(372,92,'2012-03-04 20:47:00',0,0,0,NULL,NULL,NULL,NULL,NULL,NULL,NULL,NULL,NULL,NULL,NULL,'000094',2),(371,84,'2012-03-04 20:47:00',0,0,0,NULL,NULL,NULL,NULL,NULL,NULL,NULL,NULL,NULL,NULL,NULL,'000086',2),(370,77,'2012-03-04 20:47:00',0,0,0,NULL,NULL,NULL,NULL,NULL,NULL,NULL,NULL,NULL,NULL,NULL,'000079',2),(369,70,'2012-03-04 20:47:00',0,0,0,NULL,NULL,NULL,NULL,NULL,NULL,NULL,NULL,NULL,NULL,NULL,'000072',2),(368,63,'2012-03-04 20:47:00',0,0,0,NULL,NULL,NULL,NULL,NULL,NULL,NULL,NULL,NULL,NULL,NULL,'000065',2),(367,56,'2012-03-04 20:46:59',0,0,0,NULL,NULL,NULL,NULL,NULL,NULL,NULL,NULL,NULL,NULL,NULL,'000058',2),(366,49,'2012-03-04 20:46:59',0,0,0,NULL,NULL,NULL,NULL,NULL,NULL,NULL,NULL,NULL,NULL,NULL,'000050',2),(365,42,'2012-03-04 20:46:59',0,0,0,NULL,NULL,NULL,NULL,NULL,NULL,NULL,NULL,NULL,NULL,NULL,'000043',2),(364,35,'2012-03-04 20:46:59',0,0,0,NULL,NULL,NULL,NULL,NULL,NULL,NULL,NULL,NULL,NULL,NULL,'000036',2),(363,28,'2012-03-04 20:46:59',0,0,0,NULL,NULL,NULL,NULL,NULL,NULL,NULL,NULL,NULL,NULL,NULL,'000029',2),(362,27,'2012-03-04 20:46:59',0,0,0,NULL,NULL,NULL,NULL,NULL,NULL,NULL,NULL,NULL,NULL,NULL,'000028',2),(361,26,'2012-03-04 20:46:59',0,0,0,NULL,NULL,NULL,NULL,NULL,NULL,NULL,NULL,NULL,NULL,NULL,'000027',2),(360,22,'2012-03-04 20:46:59',0,0,0,NULL,NULL,NULL,NULL,NULL,NULL,NULL,NULL,NULL,NULL,NULL,'000023',2),(359,21,'2012-03-04 20:46:59',0,0,0,NULL,NULL,NULL,NULL,NULL,NULL,NULL,NULL,NULL,NULL,NULL,'000022',2),(358,20,'2012-03-04 20:46:59',0,0,0,NULL,NULL,NULL,NULL,NULL,NULL,NULL,NULL,NULL,NULL,NULL,'000021',2),(357,16,'2012-03-04 20:46:59',0,0,0,NULL,NULL,NULL,NULL,NULL,NULL,NULL,NULL,NULL,NULL,NULL,'000017',2),(356,15,'2012-03-04 20:46:59',0,0,0,NULL,NULL,NULL,NULL,NULL,NULL,NULL,NULL,NULL,NULL,NULL,'000016',2),(355,14,'2012-03-04 20:46:59',0,0,0,NULL,NULL,NULL,NULL,NULL,NULL,NULL,NULL,NULL,NULL,NULL,'000015',2),(354,10,'2012-03-04 20:46:59',0,0,0,NULL,NULL,NULL,NULL,NULL,NULL,NULL,NULL,NULL,NULL,NULL,'000011',2),(353,9,'2012-03-04 20:46:59',0,0,0,NULL,NULL,NULL,NULL,NULL,NULL,NULL,NULL,NULL,NULL,NULL,'000010',2),(352,8,'2012-03-04 20:46:59',0,0,0,NULL,NULL,NULL,NULL,NULL,NULL,NULL,NULL,NULL,NULL,NULL,'000009',2),(351,97,'2012-03-04 20:46:58',0,0,0,NULL,NULL,NULL,NULL,NULL,NULL,NULL,NULL,NULL,NULL,NULL,'000099',2),(350,96,'2012-03-04 20:46:58',0,0,0,NULL,NULL,NULL,NULL,NULL,NULL,NULL,NULL,NULL,NULL,NULL,'000098',2),(349,95,'2012-03-04 20:46:58',0,0,0,NULL,NULL,NULL,NULL,NULL,NULL,NULL,NULL,NULL,NULL,NULL,'000097',2),(348,87,'2012-03-04 20:46:58',0,0,0,NULL,NULL,NULL,NULL,NULL,NULL,NULL,NULL,NULL,NULL,NULL,'000089',2),(347,86,'2012-03-04 20:46:58',0,0,0,NULL,NULL,NULL,NULL,NULL,NULL,NULL,NULL,NULL,NULL,NULL,'000088',2),(346,85,'2012-03-04 20:46:58',0,0,0,NULL,NULL,NULL,NULL,NULL,NULL,NULL,NULL,NULL,NULL,NULL,'000087',2),(345,80,'2012-03-04 20:46:58',0,0,0,NULL,NULL,NULL,NULL,NULL,NULL,NULL,NULL,NULL,NULL,NULL,'000082',2),(344,79,'2012-03-04 20:46:58',0,0,0,NULL,NULL,NULL,NULL,NULL,NULL,NULL,NULL,NULL,NULL,NULL,'000081',2),(343,78,'2012-03-04 20:46:58',0,0,0,NULL,NULL,NULL,NULL,NULL,NULL,NULL,NULL,NULL,NULL,NULL,'000080',2),(342,73,'2012-03-04 20:46:58',0,0,0,NULL,NULL,NULL,NULL,NULL,NULL,NULL,NULL,NULL,NULL,NULL,'000075',2),(341,72,'2012-03-04 20:46:58',0,0,0,NULL,NULL,NULL,NULL,NULL,NULL,NULL,NULL,NULL,NULL,NULL,'000074',2),(340,71,'2012-03-04 20:46:58',0,0,0,NULL,NULL,NULL,NULL,NULL,NULL,NULL,NULL,NULL,NULL,NULL,'000073',2),(339,66,'2012-03-04 20:46:58',0,0,0,NULL,NULL,NULL,NULL,NULL,NULL,NULL,NULL,NULL,NULL,NULL,'000068',2),(338,65,'2012-03-04 20:46:58',0,0,0,NULL,NULL,NULL,NULL,NULL,NULL,NULL,NULL,NULL,NULL,NULL,'000067',2),(337,64,'2012-03-04 20:46:58',0,0,0,NULL,NULL,NULL,NULL,NULL,NULL,NULL,NULL,NULL,NULL,NULL,'000066',2),(336,59,'2012-03-04 20:46:57',0,0,0,NULL,NULL,NULL,NULL,NULL,NULL,NULL,NULL,NULL,NULL,NULL,'000061',2),(335,58,'2012-03-04 20:46:57',0,0,0,NULL,NULL,NULL,NULL,NULL,NULL,NULL,NULL,NULL,NULL,NULL,'000060',2),(334,57,'2012-03-04 20:46:57',0,0,0,NULL,NULL,NULL,NULL,NULL,NULL,NULL,NULL,NULL,NULL,NULL,'000059',2),(333,52,'2012-03-04 20:46:57',0,0,0,NULL,NULL,NULL,NULL,NULL,NULL,NULL,NULL,NULL,NULL,NULL,'000053',2),(332,51,'2012-03-04 20:46:57',0,0,0,NULL,NULL,NULL,NULL,NULL,NULL,NULL,NULL,NULL,NULL,NULL,'000052',2),(331,50,'2012-03-04 20:46:57',0,0,0,NULL,NULL,NULL,NULL,NULL,NULL,NULL,NULL,NULL,NULL,NULL,'000051',2),(330,45,'2012-03-04 20:46:57',0,0,0,NULL,NULL,NULL,NULL,NULL,NULL,NULL,NULL,NULL,NULL,NULL,'000046',2),(329,44,'2012-03-04 20:46:57',0,0,0,NULL,NULL,NULL,NULL,NULL,NULL,NULL,NULL,NULL,NULL,NULL,'000045',2),(328,43,'2012-03-04 20:46:57',0,0,0,NULL,NULL,NULL,NULL,NULL,NULL,NULL,NULL,NULL,NULL,NULL,'000044',2),(327,38,'2012-03-04 20:46:57',0,0,0,NULL,NULL,NULL,NULL,NULL,NULL,NULL,NULL,NULL,NULL,NULL,'000039',2),(326,37,'2012-03-04 20:46:57',0,0,0,NULL,NULL,NULL,NULL,NULL,NULL,NULL,NULL,NULL,NULL,NULL,'000038',2),(325,36,'2012-03-04 20:46:57',0,0,0,NULL,NULL,NULL,NULL,NULL,NULL,NULL,NULL,NULL,NULL,NULL,'000037',2),(324,33,'2012-03-04 20:46:57',0,0,0,NULL,NULL,NULL,NULL,NULL,NULL,NULL,NULL,NULL,NULL,NULL,'000034',2),(323,31,'2012-03-04 20:46:57',0,0,0,NULL,NULL,NULL,NULL,NULL,NULL,NULL,NULL,NULL,NULL,NULL,'000032',2),(322,29,'2012-03-04 20:46:56',0,0,0,NULL,NULL,NULL,NULL,NULL,NULL,NULL,NULL,NULL,NULL,NULL,'000030',2),(321,90,'2012-03-04 20:46:56',0,0,0,NULL,NULL,NULL,NULL,NULL,NULL,NULL,NULL,NULL,NULL,NULL,'000092',2),(320,89,'2012-03-04 20:46:56',0,0,0,NULL,NULL,NULL,NULL,NULL,NULL,NULL,NULL,NULL,NULL,NULL,'000091',2),(319,88,'2012-03-04 20:46:56',0,0,0,NULL,NULL,NULL,NULL,NULL,NULL,NULL,NULL,NULL,NULL,NULL,'000090',2),(318,83,'2012-03-04 20:46:56',0,0,0,NULL,NULL,NULL,NULL,NULL,NULL,NULL,NULL,NULL,NULL,NULL,'000085',2),(317,82,'2012-03-04 20:46:56',0,0,0,NULL,NULL,NULL,NULL,NULL,NULL,NULL,NULL,NULL,NULL,NULL,'000084',2),(316,81,'2012-03-04 20:46:56',0,0,0,NULL,NULL,NULL,NULL,NULL,NULL,NULL,NULL,NULL,NULL,NULL,'000083',2),(315,76,'2012-03-04 20:46:56',0,0,0,NULL,NULL,NULL,NULL,NULL,NULL,NULL,NULL,NULL,NULL,NULL,'000078',2),(314,75,'2012-03-04 20:46:56',0,0,0,NULL,NULL,NULL,NULL,NULL,NULL,NULL,NULL,NULL,NULL,NULL,'000077',2),(313,74,'2012-03-04 20:46:56',0,0,0,NULL,NULL,NULL,NULL,NULL,NULL,NULL,NULL,NULL,NULL,NULL,'000076',2),(312,69,'2012-03-04 20:46:56',0,0,0,NULL,NULL,NULL,NULL,NULL,NULL,NULL,NULL,NULL,NULL,NULL,'000071',2),(311,68,'2012-03-04 20:46:56',0,0,0,NULL,NULL,NULL,NULL,NULL,NULL,NULL,NULL,NULL,NULL,NULL,'000070',2),(310,67,'2012-03-04 20:46:56',0,0,0,NULL,NULL,NULL,NULL,NULL,NULL,NULL,NULL,NULL,NULL,NULL,'000069',2),(309,62,'2012-03-04 20:46:56',0,0,0,NULL,NULL,NULL,NULL,NULL,NULL,NULL,NULL,NULL,NULL,NULL,'000064',2),(308,61,'2012-03-04 20:46:56',0,0,0,NULL,NULL,NULL,NULL,NULL,NULL,NULL,NULL,NULL,NULL,NULL,'000063',2),(307,60,'2012-03-04 20:46:56',0,0,0,NULL,NULL,NULL,NULL,NULL,NULL,NULL,NULL,NULL,NULL,NULL,'000062',2),(306,55,'2012-03-04 20:46:56',0,0,0,NULL,NULL,NULL,NULL,NULL,NULL,NULL,NULL,NULL,NULL,NULL,'000056',2),(305,54,'2012-03-04 20:46:56',0,0,0,NULL,NULL,NULL,NULL,NULL,NULL,NULL,NULL,NULL,NULL,NULL,'000055',2),(304,53,'2012-03-04 20:46:56',0,0,0,NULL,NULL,NULL,NULL,NULL,NULL,NULL,NULL,NULL,NULL,NULL,'000054',2),(303,48,'2012-03-04 20:46:56',0,0,0,NULL,NULL,NULL,NULL,NULL,NULL,NULL,NULL,NULL,NULL,NULL,'000049',2),(302,47,'2012-03-04 20:46:56',0,0,0,NULL,NULL,NULL,NULL,NULL,NULL,NULL,NULL,NULL,NULL,NULL,'000048',2),(301,46,'2012-03-04 20:46:56',0,0,0,NULL,NULL,NULL,NULL,NULL,NULL,NULL,NULL,NULL,NULL,NULL,'000047',2),(300,41,'2012-03-04 20:46:56',0,0,0,NULL,NULL,NULL,NULL,NULL,NULL,NULL,NULL,NULL,NULL,NULL,'000042',2),(299,40,'2012-03-04 20:46:56',0,0,0,NULL,NULL,NULL,NULL,NULL,NULL,NULL,NULL,NULL,NULL,NULL,'000041',2),(298,39,'2012-03-04 20:46:56',0,0,0,NULL,NULL,NULL,NULL,NULL,NULL,NULL,NULL,NULL,NULL,NULL,'000040',2),(297,34,'2012-03-04 20:46:56',0,0,0,NULL,NULL,NULL,NULL,NULL,NULL,NULL,NULL,NULL,NULL,NULL,'000035',2),(296,32,'2012-03-04 20:46:56',0,0,0,NULL,NULL,NULL,NULL,NULL,NULL,NULL,NULL,NULL,NULL,NULL,'000033',2),(295,30,'2012-03-04 20:46:55',0,0,0,NULL,NULL,NULL,NULL,NULL,NULL,NULL,NULL,NULL,NULL,NULL,'000031',2),(469,84,'2012-03-11 11:36:48',0,0,0,NULL,NULL,NULL,NULL,NULL,NULL,NULL,NULL,NULL,NULL,NULL,'000086',3),(470,92,'2012-03-11 11:36:48',0,0,0,NULL,NULL,NULL,NULL,NULL,NULL,NULL,NULL,NULL,NULL,NULL,'000094',3),(471,93,'2012-03-11 11:36:48',0,0,0,NULL,NULL,NULL,NULL,NULL,NULL,NULL,NULL,NULL,NULL,NULL,'000095',3),(472,94,'2012-03-11 11:36:48',0,0,0,NULL,NULL,NULL,NULL,NULL,NULL,NULL,NULL,NULL,NULL,NULL,'000096',3),(473,6,'2012-03-11 11:36:48',0,0,0,NULL,NULL,NULL,NULL,NULL,NULL,NULL,NULL,NULL,NULL,NULL,'000007',3),(474,5,'2012-03-11 11:36:48',0,0,0,NULL,NULL,NULL,NULL,NULL,NULL,NULL,NULL,NULL,NULL,NULL,'000006',3),(475,7,'2012-03-11 11:36:48',0,0,0,NULL,NULL,NULL,NULL,NULL,NULL,NULL,NULL,NULL,NULL,NULL,'000008',3),(476,11,'2012-03-11 11:36:48',0,0,0,NULL,NULL,NULL,NULL,NULL,NULL,NULL,NULL,NULL,NULL,NULL,'000012',3),(477,12,'2012-03-11 11:36:48',0,0,0,NULL,NULL,NULL,NULL,NULL,NULL,NULL,NULL,NULL,NULL,NULL,'000013',3),(478,13,'2012-03-11 11:36:48',0,0,0,NULL,NULL,NULL,NULL,NULL,NULL,NULL,NULL,NULL,NULL,NULL,'000014',3),(479,17,'2012-03-11 11:36:48',0,0,0,NULL,NULL,NULL,NULL,NULL,NULL,NULL,NULL,NULL,NULL,NULL,'000018',3),(480,18,'2012-03-11 11:36:48',0,0,0,NULL,NULL,NULL,NULL,NULL,NULL,NULL,NULL,NULL,NULL,NULL,'000019',3),(481,19,'2012-03-11 11:36:48',0,0,0,NULL,NULL,NULL,NULL,NULL,NULL,NULL,NULL,NULL,NULL,NULL,'000020',3),(482,23,'2012-03-11 11:36:48',0,0,0,NULL,NULL,NULL,NULL,NULL,NULL,NULL,NULL,NULL,NULL,NULL,'000024',3),(483,24,'2012-03-11 11:36:49',0,0,0,NULL,NULL,NULL,NULL,NULL,NULL,NULL,NULL,NULL,NULL,NULL,'000025',3),(484,25,'2012-03-11 11:36:49',0,0,0,NULL,NULL,NULL,NULL,NULL,NULL,NULL,NULL,NULL,NULL,NULL,'000026',3),(485,91,'2012-03-11 11:36:49',0,0,0,NULL,NULL,NULL,NULL,NULL,NULL,NULL,NULL,NULL,NULL,NULL,'000093',3),(486,4,'2012-03-11 11:36:49',0,0,0,NULL,NULL,NULL,NULL,NULL,NULL,NULL,NULL,NULL,NULL,NULL,'000005',3),(487,3,'2012-03-11 11:36:49',0,0,0,NULL,NULL,NULL,NULL,NULL,NULL,NULL,NULL,NULL,NULL,NULL,'000004',3),(488,2,'2012-03-11 11:36:49',0,0,0,NULL,NULL,NULL,NULL,NULL,NULL,NULL,NULL,NULL,NULL,NULL,'000003',3),(489,1,'2012-03-11 11:36:49',0,0,0,NULL,NULL,NULL,NULL,NULL,NULL,NULL,NULL,NULL,NULL,NULL,'000002',3),(490,0,'2012-03-11 11:36:49',0,0,0,NULL,NULL,NULL,NULL,NULL,NULL,NULL,NULL,NULL,NULL,NULL,'000001',3);

/*Table structure for table `t_distributor_grade` */

DROP TABLE IF EXISTS `t_distributor_grade`;

CREATE TABLE `t_distributor_grade` (
  `res_id` int(11) NOT NULL,
  `distributor_id` int(11) NOT NULL,
  `achieve_date` datetime default NULL,
  `person_achieve` double default NULL,
  `direct_achieve` double default NULL,
  `indirect_achieve` double default NULL,
  `accu_achieve` double default NULL,
  `net_achieve` double default NULL,
  `cell_achieve` double default NULL,
  `accu_p_achieve` double default NULL,
  `check_flag` char(1) default NULL,
  `check_man` varchar(64) default NULL,
  `remark` varchar(255) default NULL,
  `distributor_code` varchar(8) NOT NULL,
  `floors` int(11) NOT NULL,
  `rank` int(11) default NULL,
  `maxChange` double default NULL,
  `bonus_achieve` double default NULL,
  PRIMARY KEY  (`res_id`)
) ENGINE=MyISAM DEFAULT CHARSET=utf8;

/*Data for the table `t_distributor_grade` */

insert  into `t_distributor_grade`(`res_id`,`distributor_id`,`achieve_date`,`person_achieve`,`direct_achieve`,`indirect_achieve`,`accu_achieve`,`net_achieve`,`cell_achieve`,`accu_p_achieve`,`check_flag`,`check_man`,`remark`,`distributor_code`,`floors`,`rank`,`maxChange`,`bonus_achieve`) values (1,4,'2012-03-04 20:46:50',0,0,0,13760,0,0,100,NULL,NULL,NULL,'000005',0,102001,0,0),(2,3,'2012-03-04 20:46:50',0,0,0,1300,0,0,250,NULL,NULL,NULL,'000004',0,102001,0,0),(3,2,'2012-03-04 20:46:50',0,0,0,1300,0,0,250,NULL,NULL,NULL,'000003',0,102001,0,0),(4,1,'2012-03-04 20:46:50',0,0,0,1300,0,0,250,NULL,NULL,NULL,'000002',0,102001,0,0),(5,0,'2012-03-04 20:46:50',0,0,0,17760,0,0,100,NULL,NULL,NULL,'000001',0,102001,0,0),(6,34,'2012-03-04 20:46:49',0,0,0,90,0,0,90,NULL,NULL,NULL,'000035',0,102001,0,0),(7,39,'2012-03-04 20:46:49',0,0,0,150,0,0,150,NULL,NULL,NULL,'000040',0,102001,0,0),(8,40,'2012-03-04 20:46:49',0,0,0,250,0,0,250,NULL,NULL,NULL,'000041',0,102001,0,0),(9,41,'2012-03-04 20:46:49',0,0,0,90,0,0,90,NULL,NULL,NULL,'000042',0,102001,0,0),(10,46,'2012-03-04 20:46:49',0,0,0,150,0,0,150,NULL,NULL,NULL,'000047',0,102001,0,0),(11,47,'2012-03-04 20:46:49',0,0,0,250,0,0,250,NULL,NULL,NULL,'000048',0,102001,0,0),(12,48,'2012-03-04 20:46:49',0,0,0,90,0,0,90,NULL,NULL,NULL,'000049',0,102001,0,0),(13,53,'2012-03-04 20:46:49',0,0,0,150,0,0,150,NULL,NULL,NULL,'000054',0,102001,0,0),(14,54,'2012-03-04 20:46:49',0,0,0,250,0,0,250,NULL,NULL,NULL,'000055',0,102001,0,0),(15,55,'2012-03-04 20:46:49',0,0,0,90,0,0,90,NULL,NULL,NULL,'000056',0,102001,0,0),(16,60,'2012-03-04 20:46:49',0,0,0,150,0,0,150,NULL,NULL,NULL,'000062',0,102001,0,0),(17,61,'2012-03-04 20:46:49',0,0,0,250,0,0,250,NULL,NULL,NULL,'000063',0,102001,0,0),(18,62,'2012-03-04 20:46:49',0,0,0,90,0,0,90,NULL,NULL,NULL,'000064',0,102001,0,0),(19,67,'2012-03-04 20:46:49',0,0,0,150,0,0,150,NULL,NULL,NULL,'000069',0,102001,0,0),(20,68,'2012-03-04 20:46:49',0,0,0,250,0,0,250,NULL,NULL,NULL,'000070',0,102001,0,0),(21,69,'2012-03-04 20:46:49',0,0,0,90,0,0,90,NULL,NULL,NULL,'000071',0,102001,0,0),(22,91,'2012-03-04 20:46:50',0,0,0,1300,0,0,250,NULL,NULL,NULL,'000093',0,102001,0,0),(23,25,'2012-03-04 20:46:50',0,0,0,3860,0,0,100,NULL,NULL,NULL,'000026',0,102001,0,0),(24,24,'2012-03-04 20:46:50',0,0,0,4000,0,0,100,NULL,NULL,NULL,'000025',0,102001,0,0),(25,23,'2012-03-04 20:46:50',0,0,0,4500,0,0,100,NULL,NULL,NULL,'000024',0,102001,0,0),(26,19,'2012-03-04 20:46:50',0,0,0,340,0,0,250,NULL,NULL,NULL,'000020',0,102001,0,0),(27,18,'2012-03-04 20:46:50',0,0,0,360,0,0,110,NULL,NULL,NULL,'000019',0,102001,0,0),(28,17,'2012-03-04 20:46:50',0,0,0,350,0,0,200,NULL,NULL,NULL,'000018',0,102001,0,0),(29,13,'2012-03-04 20:46:50',0,0,0,340,0,0,250,NULL,NULL,NULL,'000014',0,102001,0,0),(30,12,'2012-03-04 20:46:50',0,0,0,360,0,0,110,NULL,NULL,NULL,'000013',0,102001,0,0),(31,11,'2012-03-04 20:46:50',0,0,0,350,0,0,200,NULL,NULL,NULL,'000012',0,102001,0,0),(32,7,'2012-03-04 20:46:50',0,0,0,340,0,0,250,NULL,NULL,NULL,'000008',0,102001,0,0),(33,5,'2012-03-04 20:46:50',0,0,0,350,0,0,200,NULL,NULL,NULL,'000006',0,102001,0,0),(34,6,'2012-03-04 20:46:50',0,0,0,360,0,0,110,NULL,NULL,NULL,'000007',0,102001,0,0),(35,94,'2012-03-04 20:46:49',0,0,0,340,0,0,250,NULL,NULL,NULL,'000096',0,102001,0,0),(36,93,'2012-03-04 20:46:49',0,0,0,360,0,0,110,NULL,NULL,NULL,'000095',0,102001,0,0),(37,92,'2012-03-04 20:46:49',0,0,0,350,0,0,200,NULL,NULL,NULL,'000094',0,102001,0,0),(38,84,'2012-03-04 20:46:49',0,0,0,1160,0,0,250,NULL,NULL,NULL,'000086',0,102001,0,0),(39,77,'2012-03-04 20:46:49',0,0,0,1300,0,0,250,NULL,NULL,NULL,'000079',0,102001,0,0),(40,70,'2012-03-04 20:46:49',0,0,0,1300,0,0,250,NULL,NULL,NULL,'000072',0,102001,0,0),(41,63,'2012-03-04 20:46:49',0,0,0,1300,0,0,250,NULL,NULL,NULL,'000065',0,102001,0,0),(42,56,'2012-03-04 20:46:49',0,0,0,1300,0,0,250,NULL,NULL,NULL,'000058',0,102001,0,0),(43,49,'2012-03-04 20:46:49',0,0,0,1300,0,0,250,NULL,NULL,NULL,'000050',0,102001,0,0),(44,42,'2012-03-04 20:46:49',0,0,0,1300,0,0,250,NULL,NULL,NULL,'000043',0,102001,0,0),(45,35,'2012-03-04 20:46:49',0,0,0,1300,0,0,250,NULL,NULL,NULL,'000036',0,102001,0,0),(46,28,'2012-03-04 20:46:49',0,0,0,250,0,0,250,NULL,NULL,NULL,'000029',0,102001,0,0),(47,27,'2012-03-04 20:46:49',0,0,0,250,0,0,250,NULL,NULL,NULL,'000028',0,102001,0,0),(48,26,'2012-03-04 20:46:49',0,0,0,1300,0,0,250,NULL,NULL,NULL,'000027',0,102001,0,0),(49,22,'2012-03-04 20:46:49',0,0,0,90,0,0,90,NULL,NULL,NULL,'000023',0,102001,0,0),(50,21,'2012-03-04 20:46:49',0,0,0,250,0,0,250,NULL,NULL,NULL,'000022',0,102001,0,0),(51,20,'2012-03-04 20:46:49',0,0,0,150,0,0,150,NULL,NULL,NULL,'000021',0,102001,0,0),(52,16,'2012-03-04 20:46:49',0,0,0,90,0,0,90,NULL,NULL,NULL,'000017',0,102001,0,0),(53,15,'2012-03-04 20:46:49',0,0,0,250,0,0,250,NULL,NULL,NULL,'000016',0,102001,0,0),(54,14,'2012-03-04 20:46:49',0,0,0,150,0,0,150,NULL,NULL,NULL,'000015',0,102001,0,0),(55,10,'2012-03-04 20:46:49',0,0,0,90,0,0,90,NULL,NULL,NULL,'000011',0,102001,0,0),(56,9,'2012-03-04 20:46:49',0,0,0,250,0,0,250,NULL,NULL,NULL,'000010',0,102001,0,0),(57,8,'2012-03-04 20:46:49',0,0,0,150,0,0,150,NULL,NULL,NULL,'000009',0,102001,0,0),(58,97,'2012-03-04 20:46:49',0,0,0,90,0,0,90,NULL,NULL,NULL,'000099',0,102001,0,0),(59,96,'2012-03-04 20:46:49',0,0,0,250,0,0,250,NULL,NULL,NULL,'000098',0,102001,0,0),(60,95,'2012-03-04 20:46:49',0,0,0,150,0,0,150,NULL,NULL,NULL,'000097',0,102001,0,0),(61,87,'2012-03-04 20:46:49',0,0,0,340,0,0,250,NULL,NULL,NULL,'000089',0,102001,0,0),(62,86,'2012-03-04 20:46:49',0,0,0,220,0,0,110,NULL,NULL,NULL,'000088',0,102001,0,0),(63,85,'2012-03-04 20:46:49',0,0,0,350,0,0,200,NULL,NULL,NULL,'000087',0,102001,0,0),(64,80,'2012-03-04 20:46:49',0,0,0,340,0,0,250,NULL,NULL,NULL,'000082',0,102001,0,0),(65,79,'2012-03-04 20:46:49',0,0,0,360,0,0,110,NULL,NULL,NULL,'000081',0,102001,0,0),(66,78,'2012-03-04 20:46:49',0,0,0,350,0,0,200,NULL,NULL,NULL,'000080',0,102001,0,0),(67,73,'2012-03-04 20:46:49',0,0,0,340,0,0,250,NULL,NULL,NULL,'000075',0,102001,0,0),(68,72,'2012-03-04 20:46:49',0,0,0,360,0,0,110,NULL,NULL,NULL,'000074',0,102001,0,0),(69,71,'2012-03-04 20:46:49',0,0,0,350,0,0,200,NULL,NULL,NULL,'000073',0,102001,0,0),(70,66,'2012-03-04 20:46:49',0,0,0,340,0,0,250,NULL,NULL,NULL,'000068',0,102001,0,0),(71,65,'2012-03-04 20:46:49',0,0,0,360,0,0,110,NULL,NULL,NULL,'000067',0,102001,0,0),(72,64,'2012-03-04 20:46:49',0,0,0,350,0,0,200,NULL,NULL,NULL,'000066',0,102001,0,0),(73,59,'2012-03-04 20:46:49',0,0,0,340,0,0,250,NULL,NULL,NULL,'000061',0,102001,0,0),(74,58,'2012-03-04 20:46:49',0,0,0,360,0,0,110,NULL,NULL,NULL,'000060',0,102001,0,0),(75,57,'2012-03-04 20:46:49',0,0,0,350,0,0,200,NULL,NULL,NULL,'000059',0,102001,0,0),(76,52,'2012-03-04 20:46:49',0,0,0,340,0,0,250,NULL,NULL,NULL,'000053',0,102001,0,0),(77,51,'2012-03-04 20:46:49',0,0,0,360,0,0,110,NULL,NULL,NULL,'000052',0,102001,0,0),(78,50,'2012-03-04 20:46:49',0,0,0,200,0,0,200,NULL,NULL,NULL,'000051',0,102001,0,0),(79,45,'2012-03-04 20:46:49',0,0,0,340,0,0,250,NULL,NULL,NULL,'000046',0,102001,0,0),(80,44,'2012-03-04 20:46:49',0,0,0,360,0,0,110,NULL,NULL,NULL,'000045',0,102001,0,0),(81,43,'2012-03-04 20:46:49',0,0,0,350,0,0,200,NULL,NULL,NULL,'000044',0,102001,0,0),(82,38,'2012-03-04 20:46:49',0,0,0,340,0,0,250,NULL,NULL,NULL,'000039',0,102001,0,0),(83,37,'2012-03-04 20:46:49',0,0,0,360,0,0,110,NULL,NULL,NULL,'000038',0,102001,0,0),(84,36,'2012-03-04 20:46:49',0,0,0,350,0,0,200,NULL,NULL,NULL,'000037',0,102001,0,0),(85,33,'2012-03-04 20:46:49',0,0,0,340,0,0,250,NULL,NULL,NULL,'000034',0,102001,0,0),(86,31,'2012-03-04 20:46:49',0,0,0,360,0,0,110,NULL,NULL,NULL,'000032',0,102001,0,0),(87,29,'2012-03-04 20:46:49',0,0,0,350,0,0,200,NULL,NULL,NULL,'000030',0,102001,0,0),(88,90,'2012-03-04 20:46:49',0,0,0,90,0,0,90,NULL,NULL,NULL,'000092',0,102001,0,0),(89,89,'2012-03-04 20:46:49',0,0,0,110,0,0,110,NULL,NULL,NULL,'000091',0,102001,0,0),(90,88,'2012-03-04 20:46:49',0,0,0,150,0,0,150,NULL,NULL,NULL,'000090',0,102001,0,0),(91,83,'2012-03-04 20:46:49',0,0,0,90,0,0,90,NULL,NULL,NULL,'000085',0,102001,0,0),(92,82,'2012-03-04 20:46:49',0,0,0,250,0,0,250,NULL,NULL,NULL,'000084',0,102001,0,0),(93,81,'2012-03-04 20:46:49',0,0,0,150,0,0,150,NULL,NULL,NULL,'000083',0,102001,0,0),(94,76,'2012-03-04 20:46:49',0,0,0,90,0,0,90,NULL,NULL,NULL,'000078',0,102001,0,0),(95,75,'2012-03-04 20:46:49',0,0,0,250,0,0,250,NULL,NULL,NULL,'000077',0,102001,0,0),(96,74,'2012-03-04 20:46:49',0,0,0,150,0,0,150,NULL,NULL,NULL,'000076',0,102001,0,0),(97,32,'2012-03-04 20:46:49',0,0,0,250,0,0,250,NULL,NULL,NULL,'000033',0,102001,0,0),(98,30,'2012-03-04 20:46:49',0,0,0,150,0,0,150,NULL,NULL,NULL,'000031',0,102001,0,0),(99,32,'2012-03-11 11:36:37',0,0,0,250,0,0,250,NULL,NULL,NULL,'000033',0,102001,0,0),(100,40,'2012-03-11 11:36:37',0,0,0,250,0,0,250,NULL,NULL,NULL,'000041',0,102001,0,0),(101,39,'2012-03-11 11:36:37',0,0,0,150,0,0,150,NULL,NULL,NULL,'000040',0,102001,0,0),(102,34,'2012-03-11 11:36:37',0,0,0,90,0,0,90,NULL,NULL,NULL,'000035',0,102001,0,0),(103,30,'2012-03-11 11:36:37',0,0,0,150,0,0,150,NULL,NULL,NULL,'000031',0,102001,0,0),(104,41,'2012-03-11 11:36:37',0,0,0,90,0,0,90,NULL,NULL,NULL,'000042',0,102001,0,0),(105,46,'2012-03-11 11:36:37',0,0,0,150,0,0,150,NULL,NULL,NULL,'000047',0,102001,0,0),(106,47,'2012-03-11 11:36:37',0,0,0,250,0,0,250,NULL,NULL,NULL,'000048',0,102001,0,0),(107,48,'2012-03-11 11:36:37',0,0,0,90,0,0,90,NULL,NULL,NULL,'000049',0,102001,0,0),(108,53,'2012-03-11 11:36:37',0,0,0,150,0,0,150,NULL,NULL,NULL,'000054',0,102001,0,0),(109,54,'2012-03-11 11:36:37',0,0,0,250,0,0,250,NULL,NULL,NULL,'000055',0,102001,0,0),(110,55,'2012-03-11 11:36:37',0,0,0,90,0,0,90,NULL,NULL,NULL,'000056',0,102001,0,0),(111,60,'2012-03-11 11:36:37',0,0,0,150,0,0,150,NULL,NULL,NULL,'000062',0,102001,0,0),(112,61,'2012-03-11 11:36:37',0,0,0,250,0,0,250,NULL,NULL,NULL,'000063',0,102001,0,0),(113,62,'2012-03-11 11:36:37',0,0,0,90,0,0,90,NULL,NULL,NULL,'000064',0,102001,0,0),(114,67,'2012-03-11 11:36:37',0,0,0,150,0,0,150,NULL,NULL,NULL,'000069',0,102001,0,0),(115,68,'2012-03-11 11:36:37',0,0,0,250,0,0,250,NULL,NULL,NULL,'000070',0,102001,0,0),(116,69,'2012-03-11 11:36:37',0,0,0,90,0,0,90,NULL,NULL,NULL,'000071',0,102001,0,0),(117,74,'2012-03-11 11:36:37',0,0,0,150,0,0,150,NULL,NULL,NULL,'000076',0,102001,0,0),(118,75,'2012-03-11 11:36:37',0,0,0,250,0,0,250,NULL,NULL,NULL,'000077',0,102001,0,0),(119,76,'2012-03-11 11:36:37',0,0,0,90,0,0,90,NULL,NULL,NULL,'000078',0,102001,0,0),(120,81,'2012-03-11 11:36:37',0,0,0,150,0,0,150,NULL,NULL,NULL,'000083',0,102001,0,0),(121,82,'2012-03-11 11:36:37',0,0,0,250,0,0,250,NULL,NULL,NULL,'000084',0,102001,0,0),(122,83,'2012-03-11 11:36:37',0,0,0,90,0,0,90,NULL,NULL,NULL,'000085',0,102001,0,0),(123,88,'2012-03-11 11:36:37',0,0,0,150,0,0,150,NULL,NULL,NULL,'000090',0,102001,0,0),(124,89,'2012-03-11 11:36:37',0,0,0,110,0,0,110,NULL,NULL,NULL,'000091',0,102001,0,0),(125,90,'2012-03-11 11:36:37',0,0,0,90,0,0,90,NULL,NULL,NULL,'000092',0,102001,0,0),(126,29,'2012-03-11 11:36:37',0,0,0,350,0,0,200,NULL,NULL,NULL,'000030',0,102001,0,0),(127,31,'2012-03-11 11:36:37',0,0,0,360,0,0,110,NULL,NULL,NULL,'000032',0,102001,0,0),(128,33,'2012-03-11 11:36:37',0,0,0,340,0,0,250,NULL,NULL,NULL,'000034',0,102001,0,0),(129,36,'2012-03-11 11:36:37',0,0,0,350,0,0,200,NULL,NULL,NULL,'000037',0,102001,0,0),(130,37,'2012-03-11 11:36:37',0,0,0,360,0,0,110,NULL,NULL,NULL,'000038',0,102001,0,0),(131,38,'2012-03-11 11:36:37',0,0,0,340,0,0,250,NULL,NULL,NULL,'000039',0,102001,0,0),(132,43,'2012-03-11 11:36:37',0,0,0,350,0,0,200,NULL,NULL,NULL,'000044',0,102001,0,0),(133,44,'2012-03-11 11:36:37',0,0,0,360,0,0,110,NULL,NULL,NULL,'000045',0,102001,0,0),(134,45,'2012-03-11 11:36:37',0,0,0,340,0,0,250,NULL,NULL,NULL,'000046',0,102001,0,0),(135,50,'2012-03-11 11:36:37',0,0,0,200,0,0,200,NULL,NULL,NULL,'000051',0,102001,0,0),(136,51,'2012-03-11 11:36:37',0,0,0,360,0,0,110,NULL,NULL,NULL,'000052',0,102001,0,0),(137,52,'2012-03-11 11:36:37',0,0,0,340,0,0,250,NULL,NULL,NULL,'000053',0,102001,0,0),(138,57,'2012-03-11 11:36:37',0,0,0,350,0,0,200,NULL,NULL,NULL,'000059',0,102001,0,0),(139,58,'2012-03-11 11:36:37',0,0,0,360,0,0,110,NULL,NULL,NULL,'000060',0,102001,0,0),(140,59,'2012-03-11 11:36:37',0,0,0,340,0,0,250,NULL,NULL,NULL,'000061',0,102001,0,0),(141,64,'2012-03-11 11:36:37',0,0,0,350,0,0,200,NULL,NULL,NULL,'000066',0,102001,0,0),(142,65,'2012-03-11 11:36:37',0,0,0,360,0,0,110,NULL,NULL,NULL,'000067',0,102001,0,0),(143,66,'2012-03-11 11:36:37',0,0,0,340,0,0,250,NULL,NULL,NULL,'000068',0,102001,0,0),(144,71,'2012-03-11 11:36:37',0,0,0,350,0,0,200,NULL,NULL,NULL,'000073',0,102001,0,0),(145,72,'2012-03-11 11:36:37',0,0,0,360,0,0,110,NULL,NULL,NULL,'000074',0,102001,0,0),(146,73,'2012-03-11 11:36:37',0,0,0,340,0,0,250,NULL,NULL,NULL,'000075',0,102001,0,0),(147,78,'2012-03-11 11:36:37',0,0,0,350,0,0,200,NULL,NULL,NULL,'000080',0,102001,0,0),(148,79,'2012-03-11 11:36:37',0,0,0,360,0,0,110,NULL,NULL,NULL,'000081',0,102001,0,0),(149,80,'2012-03-11 11:36:37',0,0,0,340,0,0,250,NULL,NULL,NULL,'000082',0,102001,0,0),(150,85,'2012-03-11 11:36:37',0,0,0,350,0,0,200,NULL,NULL,NULL,'000087',0,102001,0,0),(151,86,'2012-03-11 11:36:37',0,0,0,220,0,0,110,NULL,NULL,NULL,'000088',0,102001,0,0),(152,87,'2012-03-11 11:36:37',0,0,0,340,0,0,250,NULL,NULL,NULL,'000089',0,102001,0,0),(153,95,'2012-03-11 11:36:37',0,0,0,150,0,0,150,NULL,NULL,NULL,'000097',0,102001,0,0),(154,96,'2012-03-11 11:36:37',0,0,0,250,0,0,250,NULL,NULL,NULL,'000098',0,102001,0,0),(155,97,'2012-03-11 11:36:37',0,0,0,90,0,0,90,NULL,NULL,NULL,'000099',0,102001,0,0),(156,8,'2012-03-11 11:36:37',0,0,0,150,0,0,150,NULL,NULL,NULL,'000009',0,102001,0,0),(157,9,'2012-03-11 11:36:37',0,0,0,250,0,0,250,NULL,NULL,NULL,'000010',0,102001,0,0),(158,10,'2012-03-11 11:36:37',0,0,0,90,0,0,90,NULL,NULL,NULL,'000011',0,102001,0,0),(159,14,'2012-03-11 11:36:37',0,0,0,150,0,0,150,NULL,NULL,NULL,'000015',0,102001,0,0),(160,15,'2012-03-11 11:36:37',0,0,0,250,0,0,250,NULL,NULL,NULL,'000016',0,102001,0,0),(161,16,'2012-03-11 11:36:37',0,0,0,90,0,0,90,NULL,NULL,NULL,'000017',0,102001,0,0),(162,20,'2012-03-11 11:36:37',0,0,0,150,0,0,150,NULL,NULL,NULL,'000021',0,102001,0,0),(163,21,'2012-03-11 11:36:37',0,0,0,250,0,0,250,NULL,NULL,NULL,'000022',0,102001,0,0),(164,22,'2012-03-11 11:36:37',0,0,0,90,0,0,90,NULL,NULL,NULL,'000023',0,102001,0,0),(165,26,'2012-03-11 11:36:37',0,0,0,1300,0,0,250,NULL,NULL,NULL,'000027',0,102001,0,0),(166,27,'2012-03-11 11:36:37',0,0,0,250,0,0,250,NULL,NULL,NULL,'000028',0,102001,0,0),(167,28,'2012-03-11 11:36:37',0,0,0,250,0,0,250,NULL,NULL,NULL,'000029',0,102001,0,0),(168,35,'2012-03-11 11:36:37',0,0,0,1300,0,0,250,NULL,NULL,NULL,'000036',0,102001,0,0),(169,42,'2012-03-11 11:36:37',0,0,0,1300,0,0,250,NULL,NULL,NULL,'000043',0,102001,0,0),(170,49,'2012-03-11 11:36:37',0,0,0,1300,0,0,250,NULL,NULL,NULL,'000050',0,102001,0,0),(171,56,'2012-03-11 11:36:37',0,0,0,1300,0,0,250,NULL,NULL,NULL,'000058',0,102001,0,0),(172,63,'2012-03-11 11:36:37',0,0,0,1300,0,0,250,NULL,NULL,NULL,'000065',0,102001,0,0),(173,70,'2012-03-11 11:36:37',0,0,0,1300,0,0,250,NULL,NULL,NULL,'000072',0,102001,0,0),(174,77,'2012-03-11 11:36:37',0,0,0,1300,0,0,250,NULL,NULL,NULL,'000079',0,102001,0,0),(175,84,'2012-03-11 11:36:37',0,0,0,1160,0,0,250,NULL,NULL,NULL,'000086',0,102001,0,0),(176,92,'2012-03-11 11:36:37',0,0,0,350,0,0,200,NULL,NULL,NULL,'000094',0,102001,0,0),(177,93,'2012-03-11 11:36:37',0,0,0,360,0,0,110,NULL,NULL,NULL,'000095',0,102001,0,0),(178,94,'2012-03-11 11:36:37',0,0,0,340,0,0,250,NULL,NULL,NULL,'000096',0,102001,0,0),(179,6,'2012-03-11 11:36:37',0,0,0,360,0,0,110,NULL,NULL,NULL,'000007',0,102001,0,0),(180,5,'2012-03-11 11:36:37',0,0,0,350,0,0,200,NULL,NULL,NULL,'000006',0,102001,0,0),(181,7,'2012-03-11 11:36:37',0,0,0,340,0,0,250,NULL,NULL,NULL,'000008',0,102001,0,0),(182,11,'2012-03-11 11:36:37',0,0,0,350,0,0,200,NULL,NULL,NULL,'000012',0,102001,0,0),(183,12,'2012-03-11 11:36:37',0,0,0,360,0,0,110,NULL,NULL,NULL,'000013',0,102001,0,0),(184,13,'2012-03-11 11:36:37',0,0,0,340,0,0,250,NULL,NULL,NULL,'000014',0,102001,0,0),(185,17,'2012-03-11 11:36:37',0,0,0,350,0,0,200,NULL,NULL,NULL,'000018',0,102001,0,0),(186,18,'2012-03-11 11:36:37',0,0,0,360,0,0,110,NULL,NULL,NULL,'000019',0,102001,0,0),(187,19,'2012-03-11 11:36:37',0,0,0,340,0,0,250,NULL,NULL,NULL,'000020',0,102001,0,0),(188,23,'2012-03-11 11:36:37',0,0,0,4500,0,0,100,NULL,NULL,NULL,'000024',0,102001,0,0),(189,24,'2012-03-11 11:36:37',0,0,0,4000,0,0,100,NULL,NULL,NULL,'000025',0,102001,0,0),(190,25,'2012-03-11 11:36:37',0,0,0,3860,0,0,100,NULL,NULL,NULL,'000026',0,102001,0,0),(191,91,'2012-03-11 11:36:37',0,0,0,1300,0,0,250,NULL,NULL,NULL,'000093',0,102001,0,0),(192,4,'2012-03-11 11:36:37',0,0,0,13760,0,0,100,NULL,NULL,NULL,'000005',0,102001,0,0),(193,3,'2012-03-11 11:36:37',0,0,0,1300,0,0,250,NULL,NULL,NULL,'000004',0,102001,0,0),(194,2,'2012-03-11 11:36:37',0,0,0,1300,0,0,250,NULL,NULL,NULL,'000003',0,102001,0,0),(195,1,'2012-03-11 11:36:37',0,0,0,1300,0,0,250,NULL,NULL,NULL,'000002',0,102001,0,0),(196,0,'2012-03-11 11:36:37',0,0,0,17760,0,0,100,NULL,NULL,NULL,'000001',0,102001,0,0);

/*Table structure for table `t_distributor_grade_his` */

DROP TABLE IF EXISTS `t_distributor_grade_his`;

CREATE TABLE `t_distributor_grade_his` (
  `res_id` int(11) NOT NULL default '0',
  `distributor_id` int(11) default NULL,
  `achieve_date` datetime default NULL,
  `person_achieve` double default NULL,
  `direct_achieve` double default NULL,
  `indirect_achieve` double default NULL,
  `accu_achieve` double default NULL,
  `net_achieve` double default NULL,
  `cell_achieve` double default NULL,
  `accu_p_achieve` double default NULL,
  `check_flag` char(1) default NULL,
  `check_man` varchar(64) default NULL,
  `remark` varchar(255) default NULL,
  `distributor_code` varchar(8) default NULL COMMENT '经销商编号',
  `floors` int(11) default NULL,
  `rank` int(11) default NULL,
  `maxChange` double default NULL,
  `bonus_achieve` double default NULL,
  `batch_no` int(12) default NULL COMMENT ' 批次号，备份1年',
  PRIMARY KEY  (`res_id`)
) ENGINE=MyISAM DEFAULT CHARSET=utf8;

/*Data for the table `t_distributor_grade_his` */

insert  into `t_distributor_grade_his`(`res_id`,`distributor_id`,`achieve_date`,`person_achieve`,`direct_achieve`,`indirect_achieve`,`accu_achieve`,`net_achieve`,`cell_achieve`,`accu_p_achieve`,`check_flag`,`check_man`,`remark`,`distributor_code`,`floors`,`rank`,`maxChange`,`bonus_achieve`,`batch_no`) values (276,94,'2012-03-02 21:54:07',250,140,0,340,340,340,250,NULL,NULL,NULL,'000096',0,102003,10,250,1),(277,6,'2012-03-02 21:54:07',110,200,50,360,360,110,110,NULL,NULL,NULL,'000007',0,102002,10,110,1),(278,5,'2012-03-02 21:54:07',200,150,0,350,350,350,200,NULL,NULL,NULL,'000006',0,102003,10,200,1),(279,7,'2012-03-02 21:54:07',250,140,0,340,340,340,250,NULL,NULL,NULL,'000008',0,102003,10,250,1),(280,11,'2012-03-02 21:54:07',200,150,0,350,350,350,200,NULL,NULL,NULL,'000012',0,102003,10,200,1),(281,12,'2012-03-02 21:54:07',110,200,50,360,360,110,110,NULL,NULL,NULL,'000013',0,102002,10,110,1),(282,13,'2012-03-02 21:54:07',250,140,0,340,340,340,250,NULL,NULL,NULL,'000014',0,102003,10,250,1),(283,17,'2012-03-02 21:54:07',200,150,0,350,350,350,200,NULL,NULL,NULL,'000018',0,102003,10,200,1),(284,18,'2012-03-02 21:54:07',110,200,50,360,360,110,110,NULL,NULL,NULL,'000019',0,102002,10,110,1),(285,19,'2012-03-02 21:54:07',250,140,0,340,340,340,250,NULL,NULL,NULL,'000020',0,102003,10,250,1),(286,23,'2012-03-02 21:54:07',100,1000,3400,4500,4500,4500,100,NULL,NULL,NULL,'000024',0,102005,10,100,1),(287,24,'2012-03-02 21:54:07',100,600,3300,4000,4000,4000,100,NULL,NULL,NULL,'000025',0,102005,10,100,1),(288,25,'2012-03-02 21:54:07',100,600,3160,3860,3860,1260,100,NULL,NULL,NULL,'000026',0,102004,10,100,1),(289,91,'2012-03-02 21:54:07',250,560,540,1300,1300,1300,250,NULL,NULL,NULL,'000093',0,102004,10,250,1),(290,4,'2012-03-02 21:54:07',100,500,13160,13760,13760,5260,100,NULL,NULL,NULL,'000005',0,102005,10,100,1),(291,3,'2012-03-02 21:54:07',250,560,540,1300,1300,1300,250,NULL,NULL,NULL,'000004',0,102004,10,250,1),(292,2,'2012-03-02 21:54:07',250,560,540,1300,1300,1300,250,NULL,NULL,NULL,'000003',0,102004,10,250,1),(293,1,'2012-03-02 21:54:07',250,560,540,1300,1300,1300,250,NULL,NULL,NULL,'000002',0,102004,10,250,1),(294,0,'2012-03-02 21:54:07',100,700,16960,17760,17760,4000,100,NULL,NULL,NULL,'000001',0,102005,10,100,1),(394,32,'2012-03-11 11:36:42',0,0,0,250,0,0,250,NULL,NULL,NULL,'000033',0,102001,0,0,3),(388,4,'2012-03-04 20:46:55',0,0,0,13760,0,0,100,NULL,NULL,NULL,'000005',0,102001,0,0,2),(389,3,'2012-03-04 20:46:55',0,0,0,1300,0,0,250,NULL,NULL,NULL,'000004',0,102001,0,0,2),(390,2,'2012-03-04 20:46:55',0,0,0,1300,0,0,250,NULL,NULL,NULL,'000003',0,102001,0,0,2),(391,1,'2012-03-04 20:46:55',0,0,0,1300,0,0,250,NULL,NULL,NULL,'000002',0,102001,0,0,2),(275,93,'2012-03-02 21:54:07',110,200,50,360,360,110,110,NULL,NULL,NULL,'000095',0,102002,10,110,1),(274,92,'2012-03-02 21:54:07',200,150,0,350,350,350,200,NULL,NULL,NULL,'000094',0,102003,10,200,1),(273,84,'2012-03-02 21:54:07',250,560,400,1160,1160,470,250,NULL,NULL,NULL,'000086',0,102003,10,250,1),(272,77,'2012-03-02 21:54:07',250,560,540,1300,1300,1300,250,NULL,NULL,NULL,'000079',0,102004,10,250,1),(271,70,'2012-03-02 21:54:08',250,560,540,1300,1300,1300,250,NULL,NULL,NULL,'000072',0,102004,10,250,1),(270,63,'2012-03-02 21:54:08',250,560,540,1300,1300,1300,250,NULL,NULL,NULL,'000065',0,102004,10,250,1),(269,56,'2012-03-02 21:54:08',250,560,540,1300,1300,1300,250,NULL,NULL,NULL,'000058',0,102004,10,250,1),(268,49,'2012-03-02 21:54:08',250,560,540,1300,1300,1300,250,NULL,NULL,NULL,'000050',0,102004,10,250,1),(267,42,'2012-03-02 21:54:08',250,560,540,1300,1300,1300,250,NULL,NULL,NULL,'000043',0,102004,10,250,1),(266,35,'2012-03-02 21:54:08',250,560,540,1300,1300,1300,250,NULL,NULL,NULL,'000036',0,102004,10,250,1),(265,28,'2012-03-02 21:54:08',250,50,0,250,250,-690,250,NULL,NULL,NULL,'000029',0,102003,10,250,1),(264,27,'2012-03-02 21:54:08',250,50,0,250,250,-690,250,NULL,NULL,NULL,'000028',0,102003,10,250,1),(263,26,'2012-03-02 21:54:08',250,560,540,1300,1300,1300,250,NULL,NULL,NULL,'000027',0,102004,10,250,1),(262,22,'2012-03-02 21:54:08',90,0,0,90,90,0,90,NULL,NULL,NULL,'000023',0,102001,10,90,1),(261,21,'2012-03-02 21:54:08',250,50,0,250,250,250,250,NULL,NULL,NULL,'000022',0,102003,10,250,1),(260,20,'2012-03-02 21:54:08',150,0,0,150,150,150,150,NULL,NULL,NULL,'000021',0,102002,10,150,1),(259,16,'2012-03-02 21:54:08',90,0,0,90,90,0,90,NULL,NULL,NULL,'000017',0,102001,10,90,1),(258,15,'2012-03-02 21:54:08',250,50,0,250,250,250,250,NULL,NULL,NULL,'000016',0,102003,10,250,1),(257,14,'2012-03-02 21:54:08',150,0,0,150,150,150,150,NULL,NULL,NULL,'000015',0,102002,10,150,1),(223,90,'2012-03-02 21:54:08',90,0,0,90,90,90,90,NULL,NULL,NULL,'000092',0,102001,10,90,1),(224,29,'2012-03-02 21:54:08',200,150,0,350,350,350,200,NULL,NULL,NULL,'000030',0,102003,10,200,1),(225,31,'2012-03-02 21:54:08',110,200,50,360,360,110,110,NULL,NULL,NULL,'000032',0,102002,10,110,1),(226,33,'2012-03-02 21:54:08',250,140,0,340,340,340,250,NULL,NULL,NULL,'000034',0,102003,10,250,1),(227,36,'2012-03-02 21:54:08',200,150,0,350,350,350,200,NULL,NULL,NULL,'000037',0,102003,10,200,1),(228,37,'2012-03-02 21:54:08',110,200,50,360,360,110,110,NULL,NULL,NULL,'000038',0,102002,10,110,1),(229,38,'2012-03-02 21:54:08',250,140,0,340,340,340,250,NULL,NULL,NULL,'000039',0,102003,10,250,1),(230,43,'2012-03-02 21:54:08',200,150,0,350,350,350,200,NULL,NULL,NULL,'000044',0,102003,10,200,1),(231,44,'2012-03-02 21:54:08',110,200,50,360,360,110,110,NULL,NULL,NULL,'000045',0,102002,10,110,1),(232,45,'2012-03-02 21:54:08',250,140,0,340,340,340,250,NULL,NULL,NULL,'000046',0,102003,10,250,1),(233,50,'2012-03-02 21:54:08',200,0,0,200,200,200,200,NULL,NULL,NULL,'000051',0,102003,10,200,1),(234,51,'2012-03-02 21:54:08',110,200,50,360,360,110,110,NULL,NULL,NULL,'000052',0,102002,10,110,1),(235,52,'2012-03-02 21:54:08',250,140,0,340,340,340,250,NULL,NULL,NULL,'000053',0,102003,10,250,1),(236,57,'2012-03-02 21:54:08',200,150,0,350,350,350,200,NULL,NULL,NULL,'000059',0,102003,10,200,1),(237,58,'2012-03-02 21:54:08',110,200,50,360,360,110,110,NULL,NULL,NULL,'000060',0,102002,10,110,1),(238,59,'2012-03-02 21:54:08',250,140,0,340,340,340,250,NULL,NULL,NULL,'000061',0,102003,10,250,1),(239,64,'2012-03-02 21:54:08',200,150,0,350,350,350,200,NULL,NULL,NULL,'000066',0,102003,10,200,1),(240,65,'2012-03-02 21:54:08',110,200,50,360,360,110,110,NULL,NULL,NULL,'000067',0,102002,10,110,1),(241,66,'2012-03-02 21:54:08',250,140,0,340,340,340,250,NULL,NULL,NULL,'000068',0,102003,10,250,1),(242,71,'2012-03-02 21:54:08',200,150,0,350,350,350,200,NULL,NULL,NULL,'000073',0,102003,10,200,1),(243,72,'2012-03-02 21:54:08',110,200,50,360,360,110,110,NULL,NULL,NULL,'000074',0,102002,10,110,1),(244,73,'2012-03-02 21:54:08',250,140,0,340,340,340,250,NULL,NULL,NULL,'000075',0,102003,10,250,1),(245,78,'2012-03-02 21:54:08',200,150,0,350,350,350,200,NULL,NULL,NULL,'000080',0,102003,10,200,1),(246,79,'2012-03-02 21:54:08',110,200,50,360,360,110,110,NULL,NULL,NULL,'000081',0,102002,10,110,1),(247,80,'2012-03-02 21:54:08',250,140,0,340,340,340,250,NULL,NULL,NULL,'000082',0,102003,10,250,1),(248,85,'2012-03-02 21:54:08',200,150,0,350,350,350,200,NULL,NULL,NULL,'000087',0,102003,10,200,1),(249,86,'2012-03-02 21:54:08',110,110,0,220,220,110,110,NULL,NULL,NULL,'000088',0,102002,10,110,1),(250,87,'2012-03-02 21:54:08',250,140,0,340,340,340,250,NULL,NULL,NULL,'000089',0,102003,10,250,1),(251,95,'2012-03-02 21:54:08',150,0,0,150,150,150,150,NULL,NULL,NULL,'000097',0,102002,10,150,1),(252,96,'2012-03-02 21:54:08',250,50,0,250,250,250,250,NULL,NULL,NULL,'000098',0,102003,10,250,1),(253,97,'2012-03-02 21:54:08',90,0,0,90,90,0,90,NULL,NULL,NULL,'000099',0,102001,10,90,1),(254,8,'2012-03-02 21:54:08',150,0,0,150,150,150,150,NULL,NULL,NULL,'000009',0,102002,10,150,1),(255,9,'2012-03-02 21:54:08',250,50,0,250,250,250,250,NULL,NULL,NULL,'000010',0,102003,10,250,1),(256,10,'2012-03-02 21:54:08',90,0,0,90,90,0,90,NULL,NULL,NULL,'000011',0,102001,10,90,1),(397,40,'2012-03-11 11:36:42',0,0,0,250,0,0,250,NULL,NULL,NULL,'000041',0,102001,0,0,3),(198,32,'2012-03-02 21:54:08',250,50,0,250,250,250,250,NULL,NULL,NULL,'000033',0,102003,10,250,1),(199,34,'2012-03-02 21:54:08',90,0,0,90,90,90,90,NULL,NULL,NULL,'000035',0,102001,10,90,1),(200,39,'2012-03-02 21:54:08',150,0,0,150,150,150,150,NULL,NULL,NULL,'000040',0,102002,10,150,1),(201,40,'2012-03-02 21:54:08',250,50,0,250,250,250,250,NULL,NULL,NULL,'000041',0,102003,10,250,1),(202,41,'2012-03-02 21:54:08',90,0,0,90,90,90,90,NULL,NULL,NULL,'000042',0,102001,10,90,1),(203,46,'2012-03-02 21:54:08',150,0,0,150,150,150,150,NULL,NULL,NULL,'000047',0,102002,10,150,1),(204,47,'2012-03-02 21:54:08',250,50,0,250,250,250,250,NULL,NULL,NULL,'000048',0,102003,10,250,1),(205,48,'2012-03-02 21:54:08',90,0,0,90,90,90,90,NULL,NULL,NULL,'000049',0,102001,10,90,1),(206,53,'2012-03-02 21:54:08',150,0,0,150,150,150,150,NULL,NULL,NULL,'000054',0,102002,10,150,1),(207,54,'2012-03-02 21:54:08',250,50,0,250,250,250,250,NULL,NULL,NULL,'000055',0,102003,10,250,1),(208,55,'2012-03-02 21:54:08',90,0,0,90,90,90,90,NULL,NULL,NULL,'000056',0,102001,10,90,1),(209,60,'2012-03-02 21:54:08',150,0,0,150,150,150,150,NULL,NULL,NULL,'000062',0,102002,10,150,1),(210,61,'2012-03-02 21:54:08',250,50,0,250,250,250,250,NULL,NULL,NULL,'000063',0,102003,10,250,1),(211,62,'2012-03-02 21:54:08',90,0,0,90,90,90,90,NULL,NULL,NULL,'000064',0,102001,10,90,1),(212,67,'2012-03-02 21:54:08',150,0,0,150,150,150,150,NULL,NULL,NULL,'000069',0,102002,10,150,1),(213,68,'2012-03-02 21:54:08',250,50,0,250,250,250,250,NULL,NULL,NULL,'000070',0,102003,10,250,1),(214,69,'2012-03-02 21:54:08',90,0,0,90,90,90,90,NULL,NULL,NULL,'000071',0,102001,10,90,1),(215,74,'2012-03-02 21:54:08',150,0,0,150,150,150,150,NULL,NULL,NULL,'000076',0,102002,10,150,1),(216,75,'2012-03-02 21:54:08',250,50,0,250,250,250,250,NULL,NULL,NULL,'000077',0,102003,10,250,1),(217,76,'2012-03-02 21:54:08',90,0,0,90,90,90,90,NULL,NULL,NULL,'000078',0,102001,10,90,1),(218,81,'2012-03-02 21:54:08',150,0,0,150,150,150,150,NULL,NULL,NULL,'000083',0,102002,10,150,1),(219,82,'2012-03-02 21:54:08',250,50,0,250,250,250,250,NULL,NULL,NULL,'000084',0,102003,10,250,1),(220,83,'2012-03-02 21:54:08',90,0,0,90,90,90,90,NULL,NULL,NULL,'000085',0,102001,10,90,1),(221,88,'2012-03-02 21:54:08',150,0,0,150,150,150,150,NULL,NULL,NULL,'000090',0,102002,10,150,1),(222,89,'2012-03-02 21:54:08',110,0,0,110,110,110,110,NULL,NULL,NULL,'000091',0,102002,10,110,1),(197,30,'2012-03-02 21:54:08',150,0,0,150,150,150,150,NULL,NULL,NULL,'000031',0,102002,10,150,1),(396,39,'2012-03-11 11:36:42',0,0,0,150,0,0,150,NULL,NULL,NULL,'000040',0,102001,0,0,3),(395,34,'2012-03-11 11:36:42',0,0,0,90,0,0,90,NULL,NULL,NULL,'000035',0,102001,0,0,3),(393,30,'2012-03-11 11:36:42',0,0,0,150,0,0,150,NULL,NULL,NULL,'000031',0,102001,0,0,3),(392,0,'2012-03-04 20:46:55',0,0,0,17760,0,0,100,NULL,NULL,NULL,'000001',0,102001,0,0,2),(297,34,'2012-03-04 20:46:55',0,0,0,90,0,0,90,NULL,NULL,NULL,'000035',0,102001,0,0,2),(298,39,'2012-03-04 20:46:55',0,0,0,150,0,0,150,NULL,NULL,NULL,'000040',0,102001,0,0,2),(299,40,'2012-03-04 20:46:55',0,0,0,250,0,0,250,NULL,NULL,NULL,'000041',0,102001,0,0,2),(300,41,'2012-03-04 20:46:55',0,0,0,90,0,0,90,NULL,NULL,NULL,'000042',0,102001,0,0,2),(301,46,'2012-03-04 20:46:55',0,0,0,150,0,0,150,NULL,NULL,NULL,'000047',0,102001,0,0,2),(302,47,'2012-03-04 20:46:55',0,0,0,250,0,0,250,NULL,NULL,NULL,'000048',0,102001,0,0,2),(303,48,'2012-03-04 20:46:55',0,0,0,90,0,0,90,NULL,NULL,NULL,'000049',0,102001,0,0,2),(304,53,'2012-03-04 20:46:55',0,0,0,150,0,0,150,NULL,NULL,NULL,'000054',0,102001,0,0,2),(305,54,'2012-03-04 20:46:55',0,0,0,250,0,0,250,NULL,NULL,NULL,'000055',0,102001,0,0,2),(306,55,'2012-03-04 20:46:55',0,0,0,90,0,0,90,NULL,NULL,NULL,'000056',0,102001,0,0,2),(307,60,'2012-03-04 20:46:55',0,0,0,150,0,0,150,NULL,NULL,NULL,'000062',0,102001,0,0,2),(308,61,'2012-03-04 20:46:55',0,0,0,250,0,0,250,NULL,NULL,NULL,'000063',0,102001,0,0,2),(309,62,'2012-03-04 20:46:55',0,0,0,90,0,0,90,NULL,NULL,NULL,'000064',0,102001,0,0,2),(310,67,'2012-03-04 20:46:55',0,0,0,150,0,0,150,NULL,NULL,NULL,'000069',0,102001,0,0,2),(311,68,'2012-03-04 20:46:55',0,0,0,250,0,0,250,NULL,NULL,NULL,'000070',0,102001,0,0,2),(312,69,'2012-03-04 20:46:55',0,0,0,90,0,0,90,NULL,NULL,NULL,'000071',0,102001,0,0,2),(387,91,'2012-03-04 20:46:55',0,0,0,1300,0,0,250,NULL,NULL,NULL,'000093',0,102001,0,0,2),(386,25,'2012-03-04 20:46:55',0,0,0,3860,0,0,100,NULL,NULL,NULL,'000026',0,102001,0,0,2),(385,24,'2012-03-04 20:46:55',0,0,0,4000,0,0,100,NULL,NULL,NULL,'000025',0,102001,0,0,2),(384,23,'2012-03-04 20:46:55',0,0,0,4500,0,0,100,NULL,NULL,NULL,'000024',0,102001,0,0,2),(383,19,'2012-03-04 20:46:55',0,0,0,340,0,0,250,NULL,NULL,NULL,'000020',0,102001,0,0,2),(382,18,'2012-03-04 20:46:55',0,0,0,360,0,0,110,NULL,NULL,NULL,'000019',0,102001,0,0,2),(381,17,'2012-03-04 20:46:55',0,0,0,350,0,0,200,NULL,NULL,NULL,'000018',0,102001,0,0,2),(380,13,'2012-03-04 20:46:55',0,0,0,340,0,0,250,NULL,NULL,NULL,'000014',0,102001,0,0,2),(379,12,'2012-03-04 20:46:55',0,0,0,360,0,0,110,NULL,NULL,NULL,'000013',0,102001,0,0,2),(378,11,'2012-03-04 20:46:55',0,0,0,350,0,0,200,NULL,NULL,NULL,'000012',0,102001,0,0,2),(377,7,'2012-03-04 20:46:55',0,0,0,340,0,0,250,NULL,NULL,NULL,'000008',0,102001,0,0,2),(376,5,'2012-03-04 20:46:55',0,0,0,350,0,0,200,NULL,NULL,NULL,'000006',0,102001,0,0,2),(375,6,'2012-03-04 20:46:55',0,0,0,360,0,0,110,NULL,NULL,NULL,'000007',0,102001,0,0,2),(374,94,'2012-03-04 20:46:55',0,0,0,340,0,0,250,NULL,NULL,NULL,'000096',0,102001,0,0,2),(373,93,'2012-03-04 20:46:55',0,0,0,360,0,0,110,NULL,NULL,NULL,'000095',0,102001,0,0,2),(372,92,'2012-03-04 20:46:55',0,0,0,350,0,0,200,NULL,NULL,NULL,'000094',0,102001,0,0,2),(371,84,'2012-03-04 20:46:55',0,0,0,1160,0,0,250,NULL,NULL,NULL,'000086',0,102001,0,0,2),(370,77,'2012-03-04 20:46:55',0,0,0,1300,0,0,250,NULL,NULL,NULL,'000079',0,102001,0,0,2),(369,70,'2012-03-04 20:46:55',0,0,0,1300,0,0,250,NULL,NULL,NULL,'000072',0,102001,0,0,2),(368,63,'2012-03-04 20:46:55',0,0,0,1300,0,0,250,NULL,NULL,NULL,'000065',0,102001,0,0,2),(367,56,'2012-03-04 20:46:55',0,0,0,1300,0,0,250,NULL,NULL,NULL,'000058',0,102001,0,0,2),(366,49,'2012-03-04 20:46:55',0,0,0,1300,0,0,250,NULL,NULL,NULL,'000050',0,102001,0,0,2),(365,42,'2012-03-04 20:46:55',0,0,0,1300,0,0,250,NULL,NULL,NULL,'000043',0,102001,0,0,2),(364,35,'2012-03-04 20:46:55',0,0,0,1300,0,0,250,NULL,NULL,NULL,'000036',0,102001,0,0,2),(363,28,'2012-03-04 20:46:55',0,0,0,250,0,0,250,NULL,NULL,NULL,'000029',0,102001,0,0,2),(362,27,'2012-03-04 20:46:55',0,0,0,250,0,0,250,NULL,NULL,NULL,'000028',0,102001,0,0,2),(361,26,'2012-03-04 20:46:55',0,0,0,1300,0,0,250,NULL,NULL,NULL,'000027',0,102001,0,0,2),(360,22,'2012-03-04 20:46:55',0,0,0,90,0,0,90,NULL,NULL,NULL,'000023',0,102001,0,0,2),(359,21,'2012-03-04 20:46:55',0,0,0,250,0,0,250,NULL,NULL,NULL,'000022',0,102001,0,0,2),(358,20,'2012-03-04 20:46:55',0,0,0,150,0,0,150,NULL,NULL,NULL,'000021',0,102001,0,0,2),(357,16,'2012-03-04 20:46:55',0,0,0,90,0,0,90,NULL,NULL,NULL,'000017',0,102001,0,0,2),(356,15,'2012-03-04 20:46:55',0,0,0,250,0,0,250,NULL,NULL,NULL,'000016',0,102001,0,0,2),(355,14,'2012-03-04 20:46:55',0,0,0,150,0,0,150,NULL,NULL,NULL,'000015',0,102001,0,0,2),(354,10,'2012-03-04 20:46:55',0,0,0,90,0,0,90,NULL,NULL,NULL,'000011',0,102001,0,0,2),(353,9,'2012-03-04 20:46:55',0,0,0,250,0,0,250,NULL,NULL,NULL,'000010',0,102001,0,0,2),(352,8,'2012-03-04 20:46:55',0,0,0,150,0,0,150,NULL,NULL,NULL,'000009',0,102001,0,0,2),(351,97,'2012-03-04 20:46:55',0,0,0,90,0,0,90,NULL,NULL,NULL,'000099',0,102001,0,0,2),(350,96,'2012-03-04 20:46:55',0,0,0,250,0,0,250,NULL,NULL,NULL,'000098',0,102001,0,0,2),(349,95,'2012-03-04 20:46:55',0,0,0,150,0,0,150,NULL,NULL,NULL,'000097',0,102001,0,0,2),(348,87,'2012-03-04 20:46:55',0,0,0,340,0,0,250,NULL,NULL,NULL,'000089',0,102001,0,0,2),(347,86,'2012-03-04 20:46:55',0,0,0,220,0,0,110,NULL,NULL,NULL,'000088',0,102001,0,0,2),(346,85,'2012-03-04 20:46:55',0,0,0,350,0,0,200,NULL,NULL,NULL,'000087',0,102001,0,0,2),(345,80,'2012-03-04 20:46:55',0,0,0,340,0,0,250,NULL,NULL,NULL,'000082',0,102001,0,0,2),(344,79,'2012-03-04 20:46:55',0,0,0,360,0,0,110,NULL,NULL,NULL,'000081',0,102001,0,0,2),(343,78,'2012-03-04 20:46:55',0,0,0,350,0,0,200,NULL,NULL,NULL,'000080',0,102001,0,0,2),(342,73,'2012-03-04 20:46:55',0,0,0,340,0,0,250,NULL,NULL,NULL,'000075',0,102001,0,0,2),(341,72,'2012-03-04 20:46:55',0,0,0,360,0,0,110,NULL,NULL,NULL,'000074',0,102001,0,0,2),(340,71,'2012-03-04 20:46:55',0,0,0,350,0,0,200,NULL,NULL,NULL,'000073',0,102001,0,0,2),(339,66,'2012-03-04 20:46:55',0,0,0,340,0,0,250,NULL,NULL,NULL,'000068',0,102001,0,0,2),(338,65,'2012-03-04 20:46:55',0,0,0,360,0,0,110,NULL,NULL,NULL,'000067',0,102001,0,0,2),(337,64,'2012-03-04 20:46:55',0,0,0,350,0,0,200,NULL,NULL,NULL,'000066',0,102001,0,0,2),(336,59,'2012-03-04 20:46:55',0,0,0,340,0,0,250,NULL,NULL,NULL,'000061',0,102001,0,0,2),(335,58,'2012-03-04 20:46:55',0,0,0,360,0,0,110,NULL,NULL,NULL,'000060',0,102001,0,0,2),(334,57,'2012-03-04 20:46:55',0,0,0,350,0,0,200,NULL,NULL,NULL,'000059',0,102001,0,0,2),(333,52,'2012-03-04 20:46:55',0,0,0,340,0,0,250,NULL,NULL,NULL,'000053',0,102001,0,0,2),(332,51,'2012-03-04 20:46:55',0,0,0,360,0,0,110,NULL,NULL,NULL,'000052',0,102001,0,0,2),(331,50,'2012-03-04 20:46:55',0,0,0,200,0,0,200,NULL,NULL,NULL,'000051',0,102001,0,0,2),(330,45,'2012-03-04 20:46:55',0,0,0,340,0,0,250,NULL,NULL,NULL,'000046',0,102001,0,0,2),(329,44,'2012-03-04 20:46:55',0,0,0,360,0,0,110,NULL,NULL,NULL,'000045',0,102001,0,0,2),(328,43,'2012-03-04 20:46:55',0,0,0,350,0,0,200,NULL,NULL,NULL,'000044',0,102001,0,0,2),(327,38,'2012-03-04 20:46:55',0,0,0,340,0,0,250,NULL,NULL,NULL,'000039',0,102001,0,0,2),(326,37,'2012-03-04 20:46:55',0,0,0,360,0,0,110,NULL,NULL,NULL,'000038',0,102001,0,0,2),(325,36,'2012-03-04 20:46:55',0,0,0,350,0,0,200,NULL,NULL,NULL,'000037',0,102001,0,0,2),(324,33,'2012-03-04 20:46:55',0,0,0,340,0,0,250,NULL,NULL,NULL,'000034',0,102001,0,0,2),(323,31,'2012-03-04 20:46:55',0,0,0,360,0,0,110,NULL,NULL,NULL,'000032',0,102001,0,0,2),(322,29,'2012-03-04 20:46:55',0,0,0,350,0,0,200,NULL,NULL,NULL,'000030',0,102001,0,0,2),(321,90,'2012-03-04 20:46:55',0,0,0,90,0,0,90,NULL,NULL,NULL,'000092',0,102001,0,0,2),(320,89,'2012-03-04 20:46:55',0,0,0,110,0,0,110,NULL,NULL,NULL,'000091',0,102001,0,0,2),(319,88,'2012-03-04 20:46:55',0,0,0,150,0,0,150,NULL,NULL,NULL,'000090',0,102001,0,0,2),(318,83,'2012-03-04 20:46:55',0,0,0,90,0,0,90,NULL,NULL,NULL,'000085',0,102001,0,0,2),(317,82,'2012-03-04 20:46:55',0,0,0,250,0,0,250,NULL,NULL,NULL,'000084',0,102001,0,0,2),(316,81,'2012-03-04 20:46:55',0,0,0,150,0,0,150,NULL,NULL,NULL,'000083',0,102001,0,0,2),(315,76,'2012-03-04 20:46:55',0,0,0,90,0,0,90,NULL,NULL,NULL,'000078',0,102001,0,0,2),(314,75,'2012-03-04 20:46:55',0,0,0,250,0,0,250,NULL,NULL,NULL,'000077',0,102001,0,0,2),(313,74,'2012-03-04 20:46:55',0,0,0,150,0,0,150,NULL,NULL,NULL,'000076',0,102001,0,0,2),(296,32,'2012-03-04 20:46:55',0,0,0,250,0,0,250,NULL,NULL,NULL,'000033',0,102001,0,0,2),(295,30,'2012-03-04 20:46:55',0,0,0,150,0,0,150,NULL,NULL,NULL,'000031',0,102001,0,0,2),(398,41,'2012-03-11 11:36:42',0,0,0,90,0,0,90,NULL,NULL,NULL,'000042',0,102001,0,0,3),(399,46,'2012-03-11 11:36:42',0,0,0,150,0,0,150,NULL,NULL,NULL,'000047',0,102001,0,0,3),(400,47,'2012-03-11 11:36:42',0,0,0,250,0,0,250,NULL,NULL,NULL,'000048',0,102001,0,0,3),(401,48,'2012-03-11 11:36:42',0,0,0,90,0,0,90,NULL,NULL,NULL,'000049',0,102001,0,0,3),(402,53,'2012-03-11 11:36:42',0,0,0,150,0,0,150,NULL,NULL,NULL,'000054',0,102001,0,0,3),(403,54,'2012-03-11 11:36:42',0,0,0,250,0,0,250,NULL,NULL,NULL,'000055',0,102001,0,0,3),(404,55,'2012-03-11 11:36:42',0,0,0,90,0,0,90,NULL,NULL,NULL,'000056',0,102001,0,0,3),(405,60,'2012-03-11 11:36:42',0,0,0,150,0,0,150,NULL,NULL,NULL,'000062',0,102001,0,0,3),(406,61,'2012-03-11 11:36:42',0,0,0,250,0,0,250,NULL,NULL,NULL,'000063',0,102001,0,0,3),(407,62,'2012-03-11 11:36:42',0,0,0,90,0,0,90,NULL,NULL,NULL,'000064',0,102001,0,0,3),(408,67,'2012-03-11 11:36:42',0,0,0,150,0,0,150,NULL,NULL,NULL,'000069',0,102001,0,0,3),(409,68,'2012-03-11 11:36:42',0,0,0,250,0,0,250,NULL,NULL,NULL,'000070',0,102001,0,0,3),(410,69,'2012-03-11 11:36:42',0,0,0,90,0,0,90,NULL,NULL,NULL,'000071',0,102001,0,0,3),(411,74,'2012-03-11 11:36:42',0,0,0,150,0,0,150,NULL,NULL,NULL,'000076',0,102001,0,0,3),(412,75,'2012-03-11 11:36:42',0,0,0,250,0,0,250,NULL,NULL,NULL,'000077',0,102001,0,0,3),(413,76,'2012-03-11 11:36:42',0,0,0,90,0,0,90,NULL,NULL,NULL,'000078',0,102001,0,0,3),(414,81,'2012-03-11 11:36:42',0,0,0,150,0,0,150,NULL,NULL,NULL,'000083',0,102001,0,0,3),(415,82,'2012-03-11 11:36:42',0,0,0,250,0,0,250,NULL,NULL,NULL,'000084',0,102001,0,0,3),(416,83,'2012-03-11 11:36:42',0,0,0,90,0,0,90,NULL,NULL,NULL,'000085',0,102001,0,0,3),(417,88,'2012-03-11 11:36:42',0,0,0,150,0,0,150,NULL,NULL,NULL,'000090',0,102001,0,0,3),(418,89,'2012-03-11 11:36:42',0,0,0,110,0,0,110,NULL,NULL,NULL,'000091',0,102001,0,0,3),(419,90,'2012-03-11 11:36:42',0,0,0,90,0,0,90,NULL,NULL,NULL,'000092',0,102001,0,0,3),(420,29,'2012-03-11 11:36:42',0,0,0,350,0,0,200,NULL,NULL,NULL,'000030',0,102001,0,0,3),(421,31,'2012-03-11 11:36:42',0,0,0,360,0,0,110,NULL,NULL,NULL,'000032',0,102001,0,0,3),(422,33,'2012-03-11 11:36:42',0,0,0,340,0,0,250,NULL,NULL,NULL,'000034',0,102001,0,0,3),(423,36,'2012-03-11 11:36:42',0,0,0,350,0,0,200,NULL,NULL,NULL,'000037',0,102001,0,0,3),(424,37,'2012-03-11 11:36:42',0,0,0,360,0,0,110,NULL,NULL,NULL,'000038',0,102001,0,0,3),(425,38,'2012-03-11 11:36:42',0,0,0,340,0,0,250,NULL,NULL,NULL,'000039',0,102001,0,0,3),(426,43,'2012-03-11 11:36:42',0,0,0,350,0,0,200,NULL,NULL,NULL,'000044',0,102001,0,0,3),(427,44,'2012-03-11 11:36:42',0,0,0,360,0,0,110,NULL,NULL,NULL,'000045',0,102001,0,0,3),(428,45,'2012-03-11 11:36:43',0,0,0,340,0,0,250,NULL,NULL,NULL,'000046',0,102001,0,0,3),(429,50,'2012-03-11 11:36:43',0,0,0,200,0,0,200,NULL,NULL,NULL,'000051',0,102001,0,0,3),(430,51,'2012-03-11 11:36:43',0,0,0,360,0,0,110,NULL,NULL,NULL,'000052',0,102001,0,0,3),(431,52,'2012-03-11 11:36:43',0,0,0,340,0,0,250,NULL,NULL,NULL,'000053',0,102001,0,0,3),(432,57,'2012-03-11 11:36:43',0,0,0,350,0,0,200,NULL,NULL,NULL,'000059',0,102001,0,0,3),(433,58,'2012-03-11 11:36:43',0,0,0,360,0,0,110,NULL,NULL,NULL,'000060',0,102001,0,0,3),(434,59,'2012-03-11 11:36:43',0,0,0,340,0,0,250,NULL,NULL,NULL,'000061',0,102001,0,0,3),(435,64,'2012-03-11 11:36:43',0,0,0,350,0,0,200,NULL,NULL,NULL,'000066',0,102001,0,0,3),(436,65,'2012-03-11 11:36:43',0,0,0,360,0,0,110,NULL,NULL,NULL,'000067',0,102001,0,0,3),(437,66,'2012-03-11 11:36:43',0,0,0,340,0,0,250,NULL,NULL,NULL,'000068',0,102001,0,0,3),(438,71,'2012-03-11 11:36:43',0,0,0,350,0,0,200,NULL,NULL,NULL,'000073',0,102001,0,0,3),(439,72,'2012-03-11 11:36:43',0,0,0,360,0,0,110,NULL,NULL,NULL,'000074',0,102001,0,0,3),(440,73,'2012-03-11 11:36:43',0,0,0,340,0,0,250,NULL,NULL,NULL,'000075',0,102001,0,0,3),(441,78,'2012-03-11 11:36:43',0,0,0,350,0,0,200,NULL,NULL,NULL,'000080',0,102001,0,0,3),(442,79,'2012-03-11 11:36:43',0,0,0,360,0,0,110,NULL,NULL,NULL,'000081',0,102001,0,0,3),(443,80,'2012-03-11 11:36:43',0,0,0,340,0,0,250,NULL,NULL,NULL,'000082',0,102001,0,0,3),(444,85,'2012-03-11 11:36:43',0,0,0,350,0,0,200,NULL,NULL,NULL,'000087',0,102001,0,0,3),(445,86,'2012-03-11 11:36:43',0,0,0,220,0,0,110,NULL,NULL,NULL,'000088',0,102001,0,0,3),(446,87,'2012-03-11 11:36:43',0,0,0,340,0,0,250,NULL,NULL,NULL,'000089',0,102001,0,0,3),(447,95,'2012-03-11 11:36:43',0,0,0,150,0,0,150,NULL,NULL,NULL,'000097',0,102001,0,0,3),(448,96,'2012-03-11 11:36:43',0,0,0,250,0,0,250,NULL,NULL,NULL,'000098',0,102001,0,0,3),(449,97,'2012-03-11 11:36:43',0,0,0,90,0,0,90,NULL,NULL,NULL,'000099',0,102001,0,0,3),(450,8,'2012-03-11 11:36:43',0,0,0,150,0,0,150,NULL,NULL,NULL,'000009',0,102001,0,0,3),(451,9,'2012-03-11 11:36:43',0,0,0,250,0,0,250,NULL,NULL,NULL,'000010',0,102001,0,0,3),(452,10,'2012-03-11 11:36:43',0,0,0,90,0,0,90,NULL,NULL,NULL,'000011',0,102001,0,0,3),(453,14,'2012-03-11 11:36:43',0,0,0,150,0,0,150,NULL,NULL,NULL,'000015',0,102001,0,0,3),(454,15,'2012-03-11 11:36:43',0,0,0,250,0,0,250,NULL,NULL,NULL,'000016',0,102001,0,0,3),(455,16,'2012-03-11 11:36:43',0,0,0,90,0,0,90,NULL,NULL,NULL,'000017',0,102001,0,0,3),(456,20,'2012-03-11 11:36:43',0,0,0,150,0,0,150,NULL,NULL,NULL,'000021',0,102001,0,0,3),(457,21,'2012-03-11 11:36:43',0,0,0,250,0,0,250,NULL,NULL,NULL,'000022',0,102001,0,0,3),(458,22,'2012-03-11 11:36:43',0,0,0,90,0,0,90,NULL,NULL,NULL,'000023',0,102001,0,0,3),(459,26,'2012-03-11 11:36:43',0,0,0,1300,0,0,250,NULL,NULL,NULL,'000027',0,102001,0,0,3),(460,27,'2012-03-11 11:36:43',0,0,0,250,0,0,250,NULL,NULL,NULL,'000028',0,102001,0,0,3),(461,28,'2012-03-11 11:36:43',0,0,0,250,0,0,250,NULL,NULL,NULL,'000029',0,102001,0,0,3),(462,35,'2012-03-11 11:36:43',0,0,0,1300,0,0,250,NULL,NULL,NULL,'000036',0,102001,0,0,3),(463,42,'2012-03-11 11:36:43',0,0,0,1300,0,0,250,NULL,NULL,NULL,'000043',0,102001,0,0,3),(464,49,'2012-03-11 11:36:43',0,0,0,1300,0,0,250,NULL,NULL,NULL,'000050',0,102001,0,0,3),(465,56,'2012-03-11 11:36:43',0,0,0,1300,0,0,250,NULL,NULL,NULL,'000058',0,102001,0,0,3),(466,63,'2012-03-11 11:36:43',0,0,0,1300,0,0,250,NULL,NULL,NULL,'000065',0,102001,0,0,3),(467,70,'2012-03-11 11:36:43',0,0,0,1300,0,0,250,NULL,NULL,NULL,'000072',0,102001,0,0,3),(468,77,'2012-03-11 11:36:43',0,0,0,1300,0,0,250,NULL,NULL,NULL,'000079',0,102001,0,0,3),(469,84,'2012-03-11 11:36:43',0,0,0,1160,0,0,250,NULL,NULL,NULL,'000086',0,102001,0,0,3),(470,92,'2012-03-11 11:36:43',0,0,0,350,0,0,200,NULL,NULL,NULL,'000094',0,102001,0,0,3),(471,93,'2012-03-11 11:36:43',0,0,0,360,0,0,110,NULL,NULL,NULL,'000095',0,102001,0,0,3),(472,94,'2012-03-11 11:36:43',0,0,0,340,0,0,250,NULL,NULL,NULL,'000096',0,102001,0,0,3),(473,6,'2012-03-11 11:36:43',0,0,0,360,0,0,110,NULL,NULL,NULL,'000007',0,102001,0,0,3),(474,5,'2012-03-11 11:36:43',0,0,0,350,0,0,200,NULL,NULL,NULL,'000006',0,102001,0,0,3),(475,7,'2012-03-11 11:36:43',0,0,0,340,0,0,250,NULL,NULL,NULL,'000008',0,102001,0,0,3),(476,11,'2012-03-11 11:36:43',0,0,0,350,0,0,200,NULL,NULL,NULL,'000012',0,102001,0,0,3),(477,12,'2012-03-11 11:36:43',0,0,0,360,0,0,110,NULL,NULL,NULL,'000013',0,102001,0,0,3),(478,13,'2012-03-11 11:36:43',0,0,0,340,0,0,250,NULL,NULL,NULL,'000014',0,102001,0,0,3),(479,17,'2012-03-11 11:36:43',0,0,0,350,0,0,200,NULL,NULL,NULL,'000018',0,102001,0,0,3),(480,18,'2012-03-11 11:36:43',0,0,0,360,0,0,110,NULL,NULL,NULL,'000019',0,102001,0,0,3),(481,19,'2012-03-11 11:36:43',0,0,0,340,0,0,250,NULL,NULL,NULL,'000020',0,102001,0,0,3),(482,23,'2012-03-11 11:36:43',0,0,0,4500,0,0,100,NULL,NULL,NULL,'000024',0,102001,0,0,3),(483,24,'2012-03-11 11:36:43',0,0,0,4000,0,0,100,NULL,NULL,NULL,'000025',0,102001,0,0,3),(484,25,'2012-03-11 11:36:43',0,0,0,3860,0,0,100,NULL,NULL,NULL,'000026',0,102001,0,0,3),(485,91,'2012-03-11 11:36:43',0,0,0,1300,0,0,250,NULL,NULL,NULL,'000093',0,102001,0,0,3),(486,4,'2012-03-11 11:36:43',0,0,0,13760,0,0,100,NULL,NULL,NULL,'000005',0,102001,0,0,3),(487,3,'2012-03-11 11:36:43',0,0,0,1300,0,0,250,NULL,NULL,NULL,'000004',0,102001,0,0,3),(488,2,'2012-03-11 11:36:43',0,0,0,1300,0,0,250,NULL,NULL,NULL,'000003',0,102001,0,0,3),(489,1,'2012-03-11 11:36:43',0,0,0,1300,0,0,250,NULL,NULL,NULL,'000002',0,102001,0,0,3),(490,0,'2012-03-11 11:36:43',0,0,0,17760,0,0,100,NULL,NULL,NULL,'000001',0,102001,0,0,3);

/*Table structure for table `t_distributor_rank` */

DROP TABLE IF EXISTS `t_distributor_rank`;

CREATE TABLE `t_distributor_rank` (
  `res_id` int(11) NOT NULL,
  `rank_status` varchar(10) default NULL,
  `remark` varchar(64) default NULL,
  `rank_name` varchar(64) default NULL,
  PRIMARY KEY  (`res_id`)
) ENGINE=MyISAM DEFAULT CHARSET=utf8;

/*Data for the table `t_distributor_rank` */

insert  into `t_distributor_rank`(`res_id`,`rank_status`,`remark`,`rank_name`) values (102001,'1','一星','1'),(102002,'2','二星','2'),(102003,'3','三星','3'),(102004,'4','四星','4'),(102005,'5','五星','5'),(102006,'6','六星','6'),(102007,'7','七星','7'),(102008,'8','八星','8'),(102011,'11','铜狮','B'),(102012,'12','银狮','S'),(102013,'13','金狮','G');

/*Table structure for table `t_product_info` */

DROP TABLE IF EXISTS `t_product_info`;

CREATE TABLE `t_product_info` (
  `res_id` int(11) NOT NULL,
  `product_code` varchar(15) NOT NULL,
  `product_name` varchar(64) NOT NULL,
  `product_price` double NOT NULL,
  `product_pv` double NOT NULL,
  `product_bv` double NOT NULL,
  `remark` varchar(255) default NULL,
  `status` varchar(1) default NULL,
  PRIMARY KEY  (`res_id`)
) ENGINE=MyISAM DEFAULT CHARSET=utf8;

/*Data for the table `t_product_info` */

insert  into `t_product_info`(`res_id`,`product_code`,`product_name`,`product_price`,`product_pv`,`product_bv`,`remark`,`status`) values (3,'A05','5',10,10,10,'','1'),(2,'A02','2',21,21,21,'','1'),(1,'A01','1',17,17,17,'','1'),(4,'A18','18',9,9,4.5,'','1'),(5,'E18','19',5,2.5,2.5,'','1');

/*Table structure for table `t_product_list` */

DROP TABLE IF EXISTS `t_product_list`;

CREATE TABLE `t_product_list` (
  `res_id` int(11) NOT NULL,
  `distributor_id` int(11) NOT NULL,
  `distributor_code` varchar(8) NOT NULL,
  `product_code` varchar(20) NOT NULL,
  `shop_code` varchar(20) NOT NULL,
  `sale_time` datetime default NULL,
  `sale_number` int(11) default NULL,
  `product_price` double default NULL,
  `sum_price` double default NULL,
  `pv` double default NULL,
  `bv` double default NULL,
  `create_time` datetime default NULL COMMENT '为本条记录的录入人员，可以是专卖店人员。',
  `creator` varchar(12) default NULL,
  `check_flag` char(1) default NULL COMMENT '默认为1，可修改时为0',
  `check_man` varchar(12) default NULL COMMENT '一般为公司管理人员确认审核。',
  `floors` int(11) default NULL,
  `remark` varchar(255) default '',
  `book` int(255) default NULL,
  PRIMARY KEY  (`res_id`),
  KEY `FK_Reference_5` (`distributor_code`),
  KEY `FK_Reference_6` (`product_code`)
) ENGINE=MyISAM DEFAULT CHARSET=utf8;

/*Data for the table `t_product_list` */

insert  into `t_product_list`(`res_id`,`distributor_id`,`distributor_code`,`product_code`,`shop_code`,`sale_time`,`sale_number`,`product_price`,`sum_price`,`pv`,`bv`,`create_time`,`creator`,`check_flag`,`check_man`,`floors`,`remark`,`book`) values (1,0,'000001','A05','CG982000',NULL,10,10,100,10,10,'2012-02-07 21:18:55',NULL,NULL,NULL,1,NULL,1),(2,1,'000002','A05','CG982001',NULL,25,10,250,10,10,'2012-02-07 21:19:27',NULL,NULL,NULL,2,NULL,1),(3,2,'000003','A05','CG982002',NULL,25,10,250,10,10,'2012-02-07 21:20:07',NULL,NULL,NULL,2,NULL,1),(4,3,'000004','A05','CG982002',NULL,25,10,250,10,10,'2012-02-07 21:20:27',NULL,NULL,NULL,2,NULL,1),(5,4,'000005','A05','CG982002',NULL,10,10,100,10,10,'2012-02-07 21:20:46',NULL,NULL,NULL,2,NULL,1),(6,5,'000006','A05','CG982001',NULL,20,10,200,10,10,'2012-02-07 21:21:03',NULL,NULL,NULL,3,NULL,1),(7,6,'000007','A05','CG982002',NULL,11,10,110,10,10,'2012-02-07 21:21:19',NULL,NULL,NULL,3,NULL,1),(8,7,'000008','A05','CG982002',NULL,25,10,250,10,10,'2012-02-07 21:22:03',NULL,NULL,NULL,3,NULL,1),(9,8,'000009','A05','CG982001',NULL,15,10,150,10,10,'2012-02-07 21:22:34',NULL,NULL,NULL,4,NULL,1),(10,9,'000010','A05','CG982001',NULL,25,10,250,10,10,'2012-02-07 21:22:57',NULL,NULL,NULL,4,NULL,1),(11,10,'000011','A05','CG982001',NULL,9,10,90,10,10,'2012-02-07 21:23:17',NULL,NULL,NULL,4,NULL,1),(12,11,'000012','A05','CG982002',NULL,20,10,200,10,10,'2012-02-07 21:23:38',NULL,NULL,NULL,3,NULL,1),(13,12,'000013','A05','CG982001',NULL,11,10,110,10,10,'2012-02-07 21:24:30',NULL,NULL,NULL,3,NULL,1),(14,13,'000014','A05','CG982002',NULL,25,10,250,10,10,'2012-02-07 21:25:02',NULL,NULL,NULL,3,NULL,1),(15,14,'000015','A05','CG982001',NULL,15,10,150,10,10,'2012-02-07 21:25:31',NULL,NULL,NULL,4,NULL,1),(16,15,'000016','A05','CG982001',NULL,25,10,250,10,10,'2012-02-07 21:26:26',NULL,NULL,NULL,4,NULL,1),(17,16,'000017','A05','CG982001',NULL,9,10,90,10,10,'2012-02-07 21:26:48',NULL,NULL,NULL,4,NULL,1),(18,17,'000018','A05','CG982002',NULL,20,10,200,10,10,'2012-02-07 21:27:26',NULL,NULL,NULL,3,NULL,1),(19,18,'000019','A05','CG982001',NULL,11,10,110,10,10,'2012-02-07 21:27:56',NULL,NULL,NULL,3,NULL,1),(20,19,'000020','A05','CG982001',NULL,25,10,250,10,10,'2012-02-07 21:28:33',NULL,NULL,NULL,3,NULL,1),(21,20,'000021','A05','CG982001',NULL,15,10,150,10,10,'2012-02-07 21:28:57',NULL,NULL,NULL,4,NULL,1),(22,21,'000022','A05','CG982001',NULL,25,10,250,10,10,'2012-02-07 21:29:17',NULL,NULL,NULL,4,NULL,1),(23,22,'000023','A05','CG982001',NULL,9,10,90,10,10,'2012-02-07 21:29:37',NULL,NULL,NULL,4,NULL,1),(24,23,'000024','A05','CG982001',NULL,10,10,100,10,10,'2012-02-07 21:29:59',NULL,NULL,NULL,3,NULL,1),(25,24,'000025','A05','CG982001',NULL,10,10,100,10,10,'2012-02-07 21:30:22',NULL,NULL,NULL,3,NULL,1),(26,25,'000026','A05','CG982001',NULL,10,10,100,10,10,'2012-02-07 21:30:43',NULL,NULL,NULL,3,NULL,1),(27,26,'000027','A05','CG982001',NULL,25,10,250,10,10,'2012-02-07 21:31:24',NULL,NULL,NULL,4,NULL,1),(28,27,'000028','A05','CG982001',NULL,25,10,250,10,10,'2012-02-07 21:31:55',NULL,NULL,NULL,4,NULL,1),(29,28,'000029','A05','CG982001',NULL,25,10,250,10,10,'2012-02-07 21:32:17',NULL,NULL,NULL,4,NULL,1),(30,29,'000030','A05','CG982001',NULL,20,10,200,10,10,'2012-02-07 21:32:39',NULL,NULL,NULL,5,NULL,1),(31,30,'000031','A05','CG982001',NULL,15,10,150,10,10,'2012-02-07 21:33:00',NULL,NULL,NULL,6,NULL,1),(32,31,'000032','A05','CG982001',NULL,11,10,110,10,10,'2012-02-07 21:33:24',NULL,NULL,NULL,5,NULL,1),(33,32,'000033','A05','CG982201',NULL,25,10,250,10,10,'2012-02-07 21:33:50',NULL,NULL,NULL,6,NULL,1),(34,33,'000034','A05','CG982001',NULL,25,10,250,10,10,'2012-02-07 21:34:18',NULL,NULL,NULL,5,NULL,1),(35,34,'000035','A05','CG982201',NULL,9,10,90,10,10,'2012-02-07 21:34:41',NULL,NULL,NULL,6,NULL,1),(36,35,'000036','A05','CG982001',NULL,25,10,250,10,10,'2012-02-07 21:35:27',NULL,NULL,NULL,4,NULL,1),(37,36,'000037','A05','CG982001',NULL,20,10,200,10,10,'2012-02-07 21:35:59',NULL,NULL,NULL,5,NULL,1),(38,37,'000038','A05','CG982201',NULL,11,10,110,10,10,'2012-02-07 21:36:26',NULL,NULL,NULL,5,NULL,1),(39,38,'000039','A05','CG982201',NULL,25,10,250,10,10,'2012-02-07 21:36:51',NULL,NULL,NULL,5,NULL,1),(40,39,'000040','A05','CG982001',NULL,15,10,150,10,10,'2012-02-07 21:37:38',NULL,NULL,NULL,6,NULL,1),(41,40,'000041','A05','CG982001',NULL,25,10,250,10,10,'2012-02-07 21:38:18',NULL,NULL,NULL,6,NULL,1),(42,41,'000042','A05','CG982001',NULL,9,10,90,10,10,'2012-02-07 21:38:45',NULL,NULL,NULL,6,NULL,1),(43,42,'000043','A05','CG982001',NULL,25,10,250,10,10,'2012-02-07 21:39:18',NULL,NULL,NULL,4,NULL,1),(44,43,'000044','A05','CG982002',NULL,20,10,200,10,10,'2012-02-07 21:42:01',NULL,NULL,NULL,5,NULL,1),(45,44,'000045','A05','CG982001',NULL,11,10,110,10,10,'2012-02-07 21:42:29',NULL,NULL,NULL,5,NULL,1),(46,45,'000046','A05','CG982001',NULL,25,10,250,10,10,'2012-02-07 21:42:54',NULL,NULL,NULL,5,NULL,1),(47,46,'000047','A05','CG982001',NULL,15,10,150,10,10,'2012-02-07 21:43:24',NULL,NULL,NULL,6,NULL,1),(48,47,'000048','A05','CG982001',NULL,25,10,250,10,10,'2012-02-07 21:43:48',NULL,NULL,NULL,6,NULL,1),(49,48,'000049','A05','CG982001',NULL,9,10,90,10,10,'2012-02-07 21:44:17',NULL,NULL,NULL,6,NULL,1),(50,49,'000050','A05','CG982001',NULL,25,10,250,10,10,'2012-02-07 21:44:42',NULL,NULL,NULL,4,NULL,1),(51,50,'000051','A05','CG982001',NULL,20,10,200,10,10,'2012-02-07 21:45:07',NULL,NULL,NULL,5,NULL,1),(52,52,'000053','A05','CG982001',NULL,25,10,250,10,10,'2012-02-07 21:45:35',NULL,NULL,NULL,5,NULL,1),(53,51,'000052','A05','CG982001',NULL,11,10,110,10,10,'2012-02-07 21:46:10',NULL,NULL,NULL,5,NULL,1),(54,53,'000054','A05','CG982001',NULL,15,10,150,10,10,'2012-02-07 21:46:35',NULL,NULL,NULL,6,NULL,1),(55,54,'000055','A05','CG982001',NULL,25,10,250,10,10,'2012-02-07 21:47:03',NULL,NULL,NULL,6,NULL,1),(56,55,'000056','A05','CG982001',NULL,9,10,90,10,10,'2012-02-07 21:47:36',NULL,NULL,NULL,6,NULL,1),(57,56,'000058','A05','CG982001',NULL,25,10,250,10,10,'2012-02-07 21:48:01',NULL,NULL,NULL,4,NULL,1),(58,57,'000059','A05','CG982001',NULL,20,10,200,10,10,'2012-02-07 21:48:29',NULL,NULL,NULL,5,NULL,1),(59,59,'000061','A05','CG982001',NULL,25,10,250,10,10,'2012-02-07 21:49:15',NULL,NULL,NULL,5,NULL,1),(60,58,'000060','A05','CG982001',NULL,11,10,110,10,10,'2012-02-07 21:50:01',NULL,NULL,NULL,5,NULL,1),(61,60,'000062','A05','CG982001',NULL,15,10,150,10,10,'2012-02-07 21:50:37',NULL,NULL,NULL,6,NULL,1),(62,61,'000063','A05','CG982001',NULL,25,10,250,10,10,'2012-02-07 21:51:07',NULL,NULL,NULL,6,NULL,1),(63,62,'000064','A05','CG982001',NULL,9,10,90,10,10,'2012-02-07 21:51:46',NULL,NULL,NULL,6,NULL,1),(64,63,'000065','A05','CG982002',NULL,25,10,250,10,10,'2012-02-07 21:53:05',NULL,NULL,NULL,4,NULL,1),(65,64,'000066','A05','CG982001',NULL,20,10,200,10,10,'2012-02-07 21:53:40',NULL,NULL,NULL,5,NULL,1),(66,65,'000067','A05','CG982001',NULL,11,10,110,10,10,'2012-02-07 21:57:54',NULL,NULL,NULL,5,NULL,1),(67,66,'000068','A05','CG982001',NULL,25,10,250,10,10,'2012-02-07 21:58:27',NULL,NULL,NULL,5,NULL,1),(68,67,'000069','A05','CG982001',NULL,15,10,150,10,10,'2012-02-07 21:59:00',NULL,NULL,NULL,6,NULL,1),(69,68,'000070','A05','CG982001',NULL,25,10,250,10,10,'2012-02-07 21:59:32',NULL,NULL,NULL,6,NULL,1),(70,69,'000071','A05','CG982001',NULL,9,10,90,10,10,'2012-02-07 22:00:04',NULL,NULL,NULL,6,NULL,1),(71,70,'000072','A05','CG982001',NULL,25,10,250,10,10,'2012-02-07 22:00:34',NULL,NULL,NULL,4,NULL,1),(72,71,'000073','A05','CG982001',NULL,20,10,200,10,10,'2012-02-07 22:01:10',NULL,NULL,NULL,5,NULL,1),(73,72,'000074','A05','CG982001',NULL,11,10,110,10,10,'2012-02-07 22:01:56',NULL,NULL,NULL,5,NULL,1),(74,73,'000075','A05','CG982001',NULL,25,10,250,10,10,'2012-02-07 22:02:38',NULL,NULL,NULL,5,NULL,1),(75,74,'000076','A05','CG982201',NULL,15,10,150,10,10,'2012-02-07 22:03:09',NULL,NULL,NULL,6,NULL,1),(76,75,'000077','A05','CG982201',NULL,25,10,250,10,10,'2012-02-07 22:03:36',NULL,NULL,NULL,6,NULL,1),(77,77,'000079','A05','CG982000',NULL,25,10,250,10,10,'2012-02-07 22:04:09',NULL,NULL,NULL,4,NULL,1),(78,76,'000078','A05','CG982001',NULL,9,10,90,10,10,'2012-02-07 22:04:39',NULL,NULL,NULL,6,NULL,1),(79,78,'000080','A05','CG982201',NULL,20,10,200,10,10,'2012-02-07 22:05:20',NULL,NULL,NULL,5,NULL,1),(80,79,'000081','A05','CG982001',NULL,11,10,110,10,10,'2012-02-07 22:05:55',NULL,NULL,NULL,5,NULL,1),(81,80,'000082','A05','CG982001',NULL,25,10,250,10,10,'2012-02-07 22:06:25',NULL,NULL,NULL,5,NULL,1),(82,81,'000083','A05','CG982001',NULL,15,10,150,10,10,'2012-02-07 22:06:56',NULL,NULL,NULL,6,NULL,1),(84,82,'000084','A05','CG982001',NULL,25,10,250,10,10,'2012-02-07 22:08:08',NULL,NULL,NULL,6,NULL,1),(85,83,'000085','A05','CG982001',NULL,9,10,90,10,10,'2012-02-07 22:08:38',NULL,NULL,NULL,6,NULL,1),(86,84,'000086','A05','CG982201',NULL,25,10,250,10,10,'2012-02-07 22:09:10',NULL,NULL,NULL,4,NULL,1),(87,85,'000087','A05','CG982001',NULL,20,10,200,10,10,'2012-02-07 22:09:38',NULL,NULL,NULL,5,NULL,1),(88,86,'000088','A05','CG982201',NULL,11,10,110,10,10,'2012-02-07 22:10:06',NULL,NULL,NULL,5,NULL,1),(89,87,'000089','A05','CG982002',NULL,25,10,250,10,10,'2012-02-07 22:10:50',NULL,NULL,NULL,5,NULL,1),(90,88,'000090','A05','CG982001',NULL,15,10,150,10,10,'2012-02-07 22:11:25',NULL,NULL,NULL,6,NULL,1),(91,89,'000091','A05','CG982201',NULL,11,10,110,10,10,'2012-02-07 22:12:03',NULL,NULL,NULL,6,NULL,1),(92,90,'000092','A05','CG982001',NULL,9,10,90,10,10,'2012-02-07 22:12:29',NULL,NULL,NULL,6,NULL,1),(93,91,'000093','A05','CG982001',NULL,25,10,250,10,10,'2012-02-07 22:12:56',NULL,NULL,NULL,3,NULL,1),(94,92,'000094','A05','CG982301',NULL,20,10,200,10,10,'2012-02-07 22:13:21',NULL,NULL,NULL,4,NULL,1),(95,93,'000095','A05','CG982001',NULL,11,10,110,10,10,'2012-02-07 22:13:52',NULL,NULL,NULL,4,NULL,1),(96,94,'000096','A05','CG982001',NULL,25,10,250,10,10,'2012-02-07 22:14:31',NULL,NULL,NULL,4,NULL,1),(97,95,'000097','A05','CG982201',NULL,15,10,150,10,10,'2012-02-07 22:14:49',NULL,NULL,NULL,5,NULL,1),(98,96,'000098','A05','CG982301',NULL,25,10,250,10,10,'2012-02-07 22:15:06',NULL,NULL,NULL,5,NULL,1),(99,97,'000099','A05','CG982001',NULL,9,10,90,10,10,'2012-02-07 22:15:23',NULL,NULL,NULL,5,NULL,1);

/*Table structure for table `t_shop_info` */

DROP TABLE IF EXISTS `t_shop_info`;

CREATE TABLE `t_shop_info` (
  `res_id` int(11) NOT NULL,
  `shop_code` varchar(8) NOT NULL,
  `shop_name` varchar(64) NOT NULL,
  `shop_owner` varchar(8) NOT NULL,
  `shop_country` varchar(64) default NULL,
  `shop_city` varchar(64) default NULL,
  `create_time` datetime default NULL,
  `creator` varchar(255) default NULL,
  `remark` varchar(255) default NULL,
  `shop_addr` varchar(255) default NULL,
  PRIMARY KEY  (`res_id`)
) ENGINE=MyISAM DEFAULT CHARSET=utf8;

/*Data for the table `t_shop_info` */

insert  into `t_shop_info`(`res_id`,`shop_code`,`shop_name`,`shop_owner`,`shop_country`,`shop_city`,`create_time`,`creator`,`remark`,`shop_addr`) values (2,'CG982002','Koufoutila','00000002','cg','cg','2012-02-03 23:41:52','',NULL,'cg'),(1,'CG982001','Milandou','00000001','cg','cg','2012-02-03 23:34:27','',NULL,'cg'),(3,'CG982201','Mm','00000003','cg','cg','2012-02-03 23:43:30','',NULL,'cg'),(4,'CG982301','Gladiss','00010000','cg','cg','2012-02-03 23:43:57','',NULL,'cg'),(8,'CG982000','Company','000000','cg','cg','2012-02-03 23:59:48','',NULL,'cg');

/*Table structure for table `user` */

DROP TABLE IF EXISTS `user`;

CREATE TABLE `user` (
  `USER_ID` bigint(20) NOT NULL auto_increment COMMENT '用户ID',
  `USER_NAME` varchar(20) default NULL COMMENT '用户名',
  `PASSWORD` varchar(42) default NULL COMMENT '密码',
  `CREATE_TIME` datetime default NULL COMMENT '创建时间',
  `GENDER` char(2) default NULL COMMENT '性别',
  PRIMARY KEY  (`USER_ID`),
  UNIQUE KEY `USER_NAME_UNIQ` (`USER_NAME`)
) ENGINE=MyISAM DEFAULT CHARSET=utf8;

/*Data for the table `user` */

insert  into `user`(`USER_ID`,`USER_NAME`,`PASSWORD`,`CREATE_TIME`,`GENDER`) values (1,'admin','000000','2012-01-05 15:09:41','男');

/* Function  structure for function  `getChildLst` */

/*!50003 DROP FUNCTION IF EXISTS `getChildLst` */;
DELIMITER $$

/*!50003 CREATE DEFINER=`root`@`localhost` FUNCTION `getChildLst`(rootId INT) RETURNS longtext
BEGIN
   DECLARE sTemp VARCHAR(99999999);
   DECLARE sTempChd VARCHAR(99999999);
   SET sTemp = '$';
   SET sTempChd =CAST(rootId AS CHAR);
   WHILE sTempChd IS NOT NULL DO
     SET sTemp = CONCAT(sTemp,',',sTempChd);
     SELECT GROUP_CONCAT(res_id) INTO sTempChd FROM t_distributor WHERE FIND_IN_SET(sponsor_id,sTempChd)>0;
   END WHILE;
   RETURN sTemp;
 END */$$
DELIMITER ;

/* Procedure structure for procedure `proc_network` */

/*!50003 DROP PROCEDURE IF EXISTS  `proc_network` */;

DELIMITER $$

/*!50003 CREATE DEFINER=`root`@`localhost` PROCEDURE `proc_network`(
	p_distributorCode CHAR(8),
	p_date VARCHAR(100)
    )
BEGIN
	DECLARE v_id INT(8);
	DECLARE v_floor INT(11);
	SELECT u.res_id ,u.floors INTO v_id ,v_floor FROM tianshi.t_distributor u WHERE u.distributor_code=p_distributorCode;
	SELECT t.floors AS FLOOR ,t.sponsor_code AS SPONSOR_CODE ,s.shop_code AS SHOP_CODE ,
	t.distributor_name AS NAME,t.sponsor_name AS SPONSOR_NAME,t.distributor_code AS CODE,r.rank_name AS RANK,
	g.accu_achieve AS ACCU_PV , g.accu_p_achieve AS PERSONAL_APV ,g.net_achieve AS TNPV ,g.person_achieve AS PERSONAL_PV,
	g.bonus_achieve AS PERSONAL_BV ,g.cell_achieve AS GPV 
	FROM t_distributor t 
	LEFT JOIN t_shop_info s ON s.res_id=t.shop_id 
	LEFT  JOIN t_distributor_rank r ON r.res_id=t.rank_id 
	LEFT JOIN t_distributor_grade_his g ON g.distributor_code=t.distributor_code 
	WHERE FIND_IN_SET(t.res_id,tianshi.getChildLst(v_id)) 
	AND t.floors>v_floor-1 AND DATE_FORMAT(g.achieve_date,'%Y-%m-%d')= p_date
	ORDER BY t.floors ASC; 
    END */$$
DELIMITER ;

/* Procedure structure for procedure `test_procedure` */

/*!50003 DROP PROCEDURE IF EXISTS  `test_procedure` */;

DELIMITER $$

/*!50003 CREATE DEFINER=`root`@`localhost` PROCEDURE `test_procedure`()
BEGIN
	SELECT VERSION();
    END */$$
DELIMITER ;

/*!40101 SET SQL_MODE=@OLD_SQL_MODE */;
/*!40014 SET FOREIGN_KEY_CHECKS=@OLD_FOREIGN_KEY_CHECKS */;
/*!40014 SET UNIQUE_CHECKS=@OLD_UNIQUE_CHECKS */;
/*!40111 SET SQL_NOTES=@OLD_SQL_NOTES */;
